ref_date,uc1
2000-01-01,1.0
2000-01-03,1837.5
2000-01-04,1872.0
2000-01-05,1852.0
2000-01-06,1854.0
2000-01-07,1836.0
2000-01-10,1824.5
2000-01-11,1832.5
2000-01-12,1838.0
2000-01-13,1822.5
2000-01-14,1813.0
2000-01-17,1801.0
2000-01-18,1800.5
2000-01-19,1795.0
2000-01-20,1788.0
2000-01-21,1777.5
2000-01-24,1777.0
2000-01-25,
2000-01-26,1780.5
2000-01-27,1781.5
2000-01-28,1799.0
2000-01-31,1803.5
2000-02-01,1805.0
2000-02-02,1799.0
2000-02-03,1800.0
2000-02-04,1780.5
2000-02-07,1780.5
2000-02-08,1775.5
2000-02-09,1778.0
2000-02-10,1775.0
2000-02-11,1777.5
2000-02-14,1783.0
2000-02-15,1786.0
2000-02-16,1782.5
2000-02-17,1780.0
2000-02-18,1785.0
2000-02-21,1785.0
2000-02-22,1791.0
2000-02-23,1786.0
2000-02-24,1780.5
2000-02-25,1775.0
2000-02-28,1778.0
2000-02-29,1768.8
2000-03-01,1779.5
2000-03-02,1771.0
2000-03-03,1758.5
2000-03-07,
2000-03-08,1753.5
2000-03-09,1752.5
2000-03-10,1757.5
2000-03-13,1754.0
2000-03-14,1747.5
2000-03-15,1748.0
2000-03-16,1746.5
2000-03-17,1746.0
2000-03-20,1742.0
2000-03-21,1742.0
2000-03-22,1734.0
2000-03-23,1724.0
2000-03-24,1737.0
2000-03-27,1751.0
2000-03-28,1743.5
2000-03-29,1745.5
2000-03-30,1748.0
2000-03-31,1747.0
2000-04-03,1753.5
2000-04-04,1757.0
2000-04-05,1757.0
2000-04-06,1757.0
2000-04-07,1751.0
2000-04-10,1752.0
2000-04-11,1751.0
2000-04-12,1762.0
2000-04-13,1790.0
2000-04-14,1785.0
2000-04-17,1781.0
2000-04-18,1766.0
2000-04-19,1780.0
2000-04-20,1781.0
2000-04-24,1796.5
2000-04-25,1791.0
2000-04-26,1802.5
2000-04-27,1807.0
2000-04-28,1806.7
2000-05-02,1817.0
2000-05-03,1832.5
2000-05-04,1827.0
2000-05-05,1816.0
2000-05-08,1821.0
2000-05-09,1824.0
2000-05-10,1830.5
2000-05-11,1836.5
2000-05-12,1846.5
2000-05-15,1834.0
2000-05-16,1830.5
2000-05-17,1838.0
2000-05-18,1844.0
2000-05-19,1847.0
2000-05-22,1855.5
2000-05-23,1861.0
2000-05-24,1844.5
2000-05-25,1850.0
2000-05-26,1836.0
2000-05-29,1839.0
2000-05-30,1832.5
2000-05-31,1827.0
2000-06-01,1834.0
2000-06-02,1814.0
2000-06-05,1803.0
2000-06-06,1813.5
2000-06-07,1805.5
2000-06-08,1814.0
2000-06-09,1813.5
2000-06-12,1816.5
2000-06-13,1820.5
2000-06-14,1818.5
2000-06-15,1819.5
2000-06-16,1811.0
2000-06-19,1809.5
2000-06-20,1806.5
2000-06-21,1815.5
2000-06-22,
2000-06-23,1830.5
2000-06-26,1827.0
2000-06-27,1826.0
2000-06-28,1822.5
2000-06-29,1813.0
2000-06-30,1800.0
2000-07-03,1830.0
2000-07-04,1825.5
2000-07-05,1818.0
2000-07-06,1817.0
2000-07-07,1815.0
2000-07-10,1808.5
2000-07-11,1817.5
2000-07-12,1815.5
2000-07-13,1825.0
2000-07-14,1814.0
2000-07-17,1806.5
2000-07-18,1806.5
2000-07-19,1812.0
2000-07-20,1804.5
2000-07-21,1804.0
2000-07-24,1798.0
2000-07-25,1795.0
2000-07-26,1791.0
2000-07-27,1782.0
2000-07-28,1785.0
2000-07-31,1774.6
2000-08-01,1807.5
2000-08-02,1814.5
2000-08-03,1808.5
2000-08-04,1807.0
2000-08-07,1811.0
2000-08-08,1804.5
2000-08-09,1808.0
2000-08-10,1807.0
2000-08-11,1810.5
2000-08-14,1814.5
2000-08-15,1813.5
2000-08-16,1822.0
2000-08-17,1819.0
2000-08-18,1825.5
2000-08-21,1827.5
2000-08-22,1821.0
2000-08-23,1827.5
2000-08-24,1824.5
2000-08-25,1827.0
2000-08-28,1835.0
2000-08-29,1828.5
2000-08-30,1824.5
2000-08-31,1823.5
2000-09-01,1838.5
2000-09-04,1840.5
2000-09-05,1836.0
2000-09-06,1832.5
2000-09-07,
2000-09-08,1828.0
2000-09-11,1832.5
2000-09-12,1840.0
2000-09-13,1840.0
2000-09-14,1846.5
2000-09-15,1852.0
2000-09-18,1864.5
2000-09-19,1857.5
2000-09-20,1861.0
2000-09-21,1858.5
2000-09-22,1848.0
2000-09-25,1849.5
2000-09-26,1852.0
2000-09-27,1850.5
2000-09-28,1843.0
2000-09-29,1843.5
2000-10-02,1864.0
2000-10-03,1863.0
2000-10-04,1862.5
2000-10-05,1856.0
2000-10-06,1864.0
2000-10-09,1861.5
2000-10-10,1863.0
2000-10-11,1867.0
2000-10-12,
2000-10-13,1878.0
2000-10-16,1871.5
2000-10-17,1876.5
2000-10-18,1878.5
2000-10-19,1882.0
2000-10-20,1891.0
2000-10-23,1898.5
2000-10-24,1912.0
2000-10-25,1924.5
2000-10-26,1938.0
2000-10-27,1915.0
2000-10-30,1914.5
2000-10-31,1908.5
2000-11-01,1929.0
2000-11-02,
2000-11-03,1954.0
2000-11-06,1946.5
2000-11-07,1962.0
2000-11-08,1977.0
2000-11-09,1970.0
2000-11-10,1957.0
2000-11-13,1959.0
2000-11-14,1955.5
2000-11-15,
2000-11-16,1956.0
2000-11-17,1972.0
2000-11-20,1918.5
2000-11-21,1922.5
2000-11-22,1934.0
2000-11-23,1955.5
2000-11-24,1961.5
2000-11-27,1972.0
2000-11-28,1968.5
2000-11-29,1955.0
2000-11-30,1960.5
2000-12-01,1983.5
2000-12-04,1989.0
2000-12-05,1967.5
2000-12-06,1983.0
2000-12-07,1982.0
2000-12-08,1974.0
2000-12-11,1971.0
2000-12-12,1971.5
2000-12-13,1972.0
2000-12-14,1965.01
2000-12-15,1967.5
2000-12-18,1961.5
2000-12-19,1956.0
2000-12-20,1961.0
2000-12-21,1955.0
2000-12-22,1957.0
2000-12-26,1962.0
2000-12-27,1956.0
2000-12-28,1956.0
2001-01-02,1958.0
2001-01-03,1940.5
2001-01-04,1954.0
2001-01-05,1964.0
2001-01-08,1961.0
2001-01-09,1951.0
2001-01-10,1951.5
2001-01-11,1963.0
2001-01-12,1957.0
2001-01-15,1955.5
2001-01-16,1957.0
2001-01-17,1961.0
2001-01-18,1957.5
2001-01-19,1961.0
2001-01-22,1960.5
2001-01-23,1964.5
2001-01-24,1970.5
2001-01-25,
2001-01-26,1972.0
2001-01-29,1973.0
2001-01-30,1966.5
2001-01-31,1971.5
2001-02-01,1997.5
2001-02-02,1999.0
2001-02-05,2009.0
2001-02-06,2010.0
2001-02-07,2010.0
2001-02-08,1997.5
2001-02-09,1989.5
2001-02-12,1988.1
2001-02-13,1991.0
2001-02-14,1992.0
2001-02-15,1990.0
2001-02-16,2007.0
2001-02-19,2005.5
2001-02-20,2008.5
2001-02-21,2010.0
2001-02-22,2038.0
2001-02-23,2037.0
2001-02-27,
2001-02-28,
2001-03-01,2054.0
2001-03-02,2037.0
2001-03-05,
2001-03-06,2035.7
2001-03-07,2049.5
2001-03-08,2052.0
2001-03-09,2053.5
2001-03-12,
2001-03-13,
2001-03-14,
2001-03-15,2086.5
2001-03-16,2135.0
2001-03-19,
2001-03-20,
2001-03-21,
2001-03-22,2169.0
2001-03-23,2161.0
2001-03-26,
2001-03-27,2145.0
2001-03-28,
2001-03-29,
2001-03-30,2148.0
2001-04-02,2187.5
2001-04-03,2188.5
2001-04-04,2199.5
2001-04-05,2189.0
2001-04-06,2177.0
2001-04-09,
2001-04-10,2167.5
2001-04-11,2149.0
2001-04-12,2162.5
2001-04-13,2167.0
2001-04-16,
2001-04-17,
2001-04-18,
2001-04-19,
2001-04-20,2244.0
2001-04-23,
2001-04-24,
2001-04-25,
2001-04-26,
2001-04-27,2205.0
2001-04-30,
2001-05-02,
2001-05-03,
2001-05-04,2227.5
2001-05-07,
2001-05-08,
2001-05-09,
2001-05-10,
2001-05-11,2299.0
2001-05-14,
2001-05-15,
2001-05-16,
2001-05-17,
2001-05-18,2313.0
2001-05-21,
2001-05-22,
2001-05-23,
2001-05-24,
2001-05-25,2327.0
2001-05-28,
2001-05-29,
2001-05-30,
2001-05-31,
2001-06-01,2403.0
2001-06-04,
2001-06-05,
2001-06-06,
2001-06-07,
2001-06-08,2378.0
2001-06-11,
2001-06-12,
2001-06-13,
2001-06-14,2435.5
2001-06-15,2428.0
2001-06-18,
2001-06-19,
2001-06-20,
2001-06-21,
2001-06-22,2300.0
2001-06-25,
2001-06-26,
2001-06-27,
2001-06-28,
2001-06-29,2306.0
2001-07-02,
2001-07-03,
2001-07-04,
2001-07-05,
2001-07-06,2485.0
2001-07-09,
2001-07-10,
2001-07-11,
2001-07-12,
2001-07-13,2640.0
2001-07-16,
2001-07-17,
2001-07-18,
2001-07-19,
2001-07-20,2467.0
2001-07-23,
2001-07-24,
2001-07-25,
2001-07-26,
2001-07-27,2465.0
2001-07-30,
2001-07-31,2431.5
2001-08-01,
2001-08-02,
2001-08-03,2550.0
2001-08-06,
2001-08-07,
2001-08-08,
2001-08-09,
2001-08-10,2494.0
2001-08-13,
2001-08-14,
2001-08-15,
2001-08-16,
2001-08-17,2542.0
2001-08-20,
2001-08-21,
2001-08-22,
2001-08-23,
2001-08-24,2558.0
2001-08-27,
2001-08-28,
2001-08-29,
2001-08-30,
2001-08-31,2552.5
2001-09-03,
2001-09-04,
2001-09-05,
2001-09-06,
2001-09-07,
2001-09-10,
2001-09-11,
2001-09-12,
2001-09-13,
2001-09-14,2708.0
2001-09-17,
2001-09-18,
2001-09-19,
2001-09-20,
2001-09-21,2840.0
2001-09-24,
2001-09-25,
2001-09-26,
2001-09-27,2696.0
2001-09-28,2671.0
2001-10-01,
2001-10-02,
2001-10-03,
2001-10-04,
2001-10-05,2815.0
2001-10-08,
2001-10-09,
2001-10-10,
2001-10-11,
2001-10-12,
2001-10-15,
2001-10-16,
2001-10-17,
2001-10-18,
2001-10-19,2749.0
2001-10-22,
2001-10-23,
2001-10-24,
2001-10-25,
2001-10-26,2729.0
2001-10-29,
2001-10-30,
2001-10-31,
2001-11-01,
2001-11-02,
2001-11-05,
2001-11-06,
2001-11-07,
2001-11-08,
2001-11-09,2560.0
2001-11-12,
2001-11-13,
2001-11-14,
2001-11-15,
2001-11-16,2544.0
2001-11-19,
2001-11-20,
2001-11-21,
2001-11-22,
2001-11-23,2512.0
2001-11-26,
2001-11-27,
2001-11-28,
2001-11-29,
2001-11-30,2530.0
2001-12-03,
2001-12-04,
2001-12-05,
2001-12-06,
2001-12-07,2419.0
2001-12-10,
2001-12-11,
2001-12-12,
2001-12-13,
2001-12-14,2396.0
2001-12-17,
2001-12-18,
2001-12-19,
2001-12-20,
2001-12-21,2355.0
2001-12-24,
2001-12-26,
2001-12-27,
2001-12-28,2320.0
2002-01-02,
2002-01-03,
2002-01-04,2366.0
2002-01-07,
2002-01-08,
2002-01-09,
2002-01-10,
2002-01-11,2425.0
2002-01-14,
2002-01-15,
2002-01-16,
2002-01-17,
2002-01-18,2380.0
2002-01-21,
2002-01-22,
2002-01-23,
2002-01-24,
2002-01-25,
2002-01-28,
2002-01-29,
2002-01-30,
2002-01-31,
2002-02-01,2439.0
2002-02-04,
2002-02-05,
2002-02-06,
2002-02-07,
2002-02-08,2479.0
2002-02-12,
2002-02-13,
2002-02-14,
2002-02-15,2440.0
2002-02-18,
2002-02-19,
2002-02-20,
2002-02-21,
2002-02-22,2428.0
2002-02-25,
2002-02-26,
2002-02-27,
2002-02-28,
2002-03-01,2372.0
2002-03-04,
2002-03-05,
2002-03-06,
2002-03-07,
2002-03-08,2372.0
2002-03-11,
2002-03-12,
2002-03-13,
2002-03-14,
2002-03-15,2360.0
2002-03-18,
2002-03-19,
2002-03-20,
2002-03-21,
2002-03-22,2369.0
2002-03-25,
2002-03-26,
2002-03-27,
2002-03-28,
2002-04-01,
2002-04-02,
2002-04-03,
2002-04-04,
2002-04-05,2303.0
2002-04-08,
2002-04-09,
2002-04-10,
2002-04-11,
2002-04-12,2313.0
2002-04-15,
2002-04-16,
2002-04-17,
2002-04-18,
2002-04-19,2343.5
2002-04-22,
2002-04-23,
2002-04-24,
2002-04-25,
2002-04-26,2376.0
2002-04-29,
2002-04-30,
2002-05-02,
2002-05-03,2437.0
2002-05-06,
2002-05-07,
2002-05-08,
2002-05-09,
2002-05-10,2485.0
2002-05-13,
2002-05-14,
2002-05-15,
2002-05-16,
2002-05-17,2489.0
2002-05-20,
2002-05-21,
2002-05-22,
2002-05-23,
2002-05-24,2523.0
2002-05-27,2527.0
2002-05-28,2529.5
2002-05-29,2513.0
2002-05-30,
2002-05-31,2521.5
2002-06-03,2564.0
2002-06-04,2621.0
2002-06-05,2631.0
2002-06-06,2682.0
2002-06-07,2656.0
2002-06-10,2653.0
2002-06-11,2728.0
2002-06-12,2806.0
2002-06-13,2720.0
2002-06-14,2730.0
2002-06-17,2675.0
2002-06-18,2728.0
2002-06-19,2718.0
2002-06-20,2784.0
2002-06-21,2839.0
2002-06-24,2782.0
2002-06-25,2822.5
2002-06-26,2876.0
2002-06-27,2852.0
2002-06-28,2843.0
2002-07-01,
2002-07-02,2897.0
2002-07-03,2869.0
2002-07-04,2866.0
2002-07-05,2892.0
2002-07-08,2870.0
2002-07-09,
2002-07-10,2859.0
2002-07-11,2802.0
2002-07-12,2820.0
2002-07-15,2861.0
2002-07-16,2874.0
2002-07-17,2901.0
2002-07-18,2849.0
2002-07-19,2867.0
2002-07-22,
2002-07-23,2908.0
2002-07-24,2931.0
2002-07-25,2982.0
2002-07-26,2994.0
2002-07-29,3146.0
2002-07-30,
2002-07-31,3407.0
2002-08-01,2955.0
2002-08-02,2929.0
2002-08-05,3098.0
2002-08-06,3031.0
2002-08-07,2966.0
2002-08-08,2908.0
2002-08-09,3075.0
2002-08-12,3143.0
2002-08-13,3148.0
2002-08-14,3198.0
2002-08-15,3208.0
2002-08-16,3118.0
2002-08-19,3094.0
2002-08-20,3095.0
2002-08-21,3064.0
2002-08-22,3129.0
2002-08-23,3101.0
2002-08-26,3078.0
2002-08-27,3132.0
2002-08-28,3121.0
2002-08-29,3069.0
2002-08-30,3019.0
2002-09-02,3049.0
2002-09-03,3078.0
2002-09-04,3104.0
2002-09-05,3146.0
2002-09-06,3153.0
2002-09-09,3099.0
2002-09-10,3139.0
2002-09-11,3101.0
2002-09-12,3125.0
2002-09-13,3160.0
2002-09-16,3215.0
2002-09-17,3245.0
2002-09-18,3335.0
2002-09-19,3427.0
2002-09-20,3389.0
2002-09-23,3560.0
2002-09-24,3765.0
2002-09-25,3653.0
2002-09-26,3752.0
2002-09-27,3858.0
2002-09-30,
2002-10-01,3576.0
2002-10-02,3608.0
2002-10-03,
2002-10-04,3545.0
2002-10-07,3698.0
2002-10-08,3698.0
2002-10-09,3843.0
2002-10-10,3969.0
2002-10-11,3770.0
2002-10-14,3765.0
2002-10-15,3803.0
2002-10-16,3885.0
2002-10-17,3845.0
2002-10-18,3820.0
2002-10-21,3861.0
2002-10-22,3846.0
2002-10-23,3848.0
2002-10-24,3760.0
2002-10-25,3690.0
2002-10-28,3745.0
2002-10-29,3795.0
2002-10-30,3705.0
2002-10-31,3647.0
2002-11-01,3548.0
2002-11-04,3503.0
2002-11-05,3506.0
2002-11-06,3647.0
2002-11-07,3570.0
2002-11-08,3524.0
2002-11-11,3493.0
2002-11-12,3585.0
2002-11-13,3614.0
2002-11-14,3718.0
2002-11-15,
2002-11-18,3554.0
2002-11-19,3562.0
2002-11-20,3513.0
2002-11-21,3523.0
2002-11-22,3555.0
2002-11-25,3532.0
2002-11-26,3602.0
2002-11-27,3575.0
2002-11-28,3587.0
2002-11-29,3641.0
2002-12-02,3587.0
2002-12-03,3628.0
2002-12-04,3674.0
2002-12-05,3770.0
2002-12-06,3708.0
2002-12-09,3742.0
2002-12-10,3759.0
2002-12-11,3733.0
2002-12-12,3744.0
2002-12-13,3680.0
2002-12-16,3574.0
2002-12-17,3568.0
2002-12-18,3502.0
2002-12-19,3451.0
2002-12-20,3468.0
2002-12-23,3470.0
2002-12-24,
2002-12-26,3535.0
2002-12-27,3532.0
2002-12-30,3531.5
2003-01-02,3526.0
2003-01-03,3432.0
2003-01-06,3353.0
2003-01-07,3305.0
2003-01-08,3333.0
2003-01-09,3322.0
2003-01-10,3313.0
2003-01-13,3326.0
2003-01-14,3280.0
2003-01-15,3348.0
2003-01-16,3327.0
2003-01-17,3390.0
2003-01-20,3421.0
2003-01-21,3497.0
2003-01-22,3525.0
2003-01-23,3546.0
2003-01-24,3630.0
2003-01-27,3620.0
2003-01-28,3648.0
2003-01-29,3607.0
2003-01-30,3560.0
2003-01-31,3524.0
2003-02-03,3559.0
2003-02-04,3614.0
2003-02-05,3600.0
2003-02-06,3630.0
2003-02-07,3626.0
2003-02-10,3622.0
2003-02-11,3620.0
2003-02-12,3633.0
2003-02-13,3685.0
2003-02-14,3687.0
2003-02-17,3644.0
2003-02-18,3611.0
2003-02-19,3631.0
2003-02-20,3632.0
2003-02-21,3636.0
2003-02-24,3596.0
2003-02-25,3612.0
2003-02-26,3585.0
2003-02-27,3558.0
2003-02-28,3563.0
2003-03-05,3599.0
2003-03-06,3546.0
2003-03-07,3541.0
2003-03-10,3565.0
2003-03-11,3518.0
2003-03-12,3501.0
2003-03-13,3439.0
2003-03-14,3464.0
2003-03-17,3468.0
2003-03-18,3470.0
2003-03-19,3491.0
2003-03-20,3497.0
2003-03-21,3420.0
2003-03-24,3413.0
2003-03-25,3380.0
2003-03-26,3391.0
2003-03-27,3391.0
2003-03-28,3369.0
2003-03-31,3353.5
2003-04-01,3363.0
2003-04-02,3314.0
2003-04-03,3302.0
2003-04-04,3268.0
2003-04-07,3195.0
2003-04-08,3222.0
2003-04-09,3229.0
2003-04-10,3279.0
2003-04-11,3233.0
2003-04-14,3192.0
2003-04-15,3104.0
2003-04-16,3114.0
2003-04-17,3057.0
2003-04-21,
2003-04-22,3062.0
2003-04-23,3012.0
2003-04-24,3022.0
2003-04-25,3018.0
2003-04-28,2966.0
2003-04-29,2919.0
2003-04-30,2888.0
2003-05-02,3025.0
2003-05-05,3094.0
2003-05-06,3074.0
2003-05-07,2989.0
2003-05-08,2955.0
2003-05-09,2912.0
2003-05-12,2900.0
2003-05-13,2923.0
2003-05-14,2925.0
2003-05-15,3000.0
2003-05-16,2973.0
2003-05-19,3028.0
2003-05-20,3068.0
2003-05-21,3023.0
2003-05-22,3000.0
2003-05-23,2927.0
2003-05-26,3039.0
2003-05-27,3038.0
2003-05-28,3012.0
2003-05-29,2933.0
2003-05-30,2964.0
2003-06-02,3030.0
2003-06-03,2990.0
2003-06-04,2959.0
2003-06-05,2899.0
2003-06-06,2914.0
2003-06-09,2901.0
2003-06-10,2900.0
2003-06-11,2881.0
2003-06-12,2888.0
2003-06-13,2861.0
2003-06-16,2895.0
2003-06-17,2884.0
2003-06-18,2905.0
2003-06-19,
2003-06-20,2910.0
2003-06-23,2872.0
2003-06-24,2876.0
2003-06-25,2866.0
2003-06-26,2904.0
2003-06-27,2883.0
2003-06-30,
2003-07-01,2888.0
2003-07-02,2867.0
2003-07-03,2870.0
2003-07-04,2885.0
2003-07-07,2930.0
2003-07-08,2910.0
2003-07-09,
2003-07-10,2927.0
2003-07-11,2925.0
2003-07-14,2893.0
2003-07-15,2884.0
2003-07-16,2877.0
2003-07-17,2895.0
2003-07-18,2909.0
2003-07-21,2897.0
2003-07-22,2899.0
2003-07-23,2910.0
2003-07-24,2901.0
2003-07-25,2902.0
2003-07-28,2906.0
2003-07-29,2945.0
2003-07-30,2974.0
2003-07-31,2964.0
2003-08-01,3081.0
2003-08-04,3120.0
2003-08-05,3069.0
2003-08-06,3101.0
2003-08-07,3031.0
2003-08-08,3028.0
2003-08-11,3046.0
2003-08-12,3066.0
2003-08-13,3043.0
2003-08-14,3039.0
2003-08-15,3020.0
2003-08-18,3028.0
2003-08-19,3009.0
2003-08-20,
2003-08-21,3020.0
2003-08-22,3000.0
2003-08-25,3008.0
2003-08-26,2997.0
2003-08-27,2964.0
2003-08-28,2955.0
2003-08-29,2966.5
2003-09-01,3036.0
2003-09-02,3005.0
2003-09-03,3003.0
2003-09-04,2971.0
2003-09-05,2943.0
2003-09-08,
2003-09-09,
2003-09-10,2917.0
2003-09-11,2940.0
2003-09-12,2927.0
2003-09-15,2904.0
2003-09-16,2934.0
2003-09-17,2930.0
2003-09-18,2919.0
2003-09-19,2917.0
2003-09-22,2913.0
2003-09-23,2931.0
2003-09-24,2928.0
2003-09-25,2945.0
2003-09-26,2936.0
2003-09-29,2928.0
2003-09-30,
2003-10-01,2946.0
2003-10-02,2931.0
2003-10-03,2925.0
2003-10-06,2900.0
2003-10-07,2893.0
2003-10-08,2877.5
2003-10-09,2859.0
2003-10-10,2857.0
2003-10-13,2862.0
2003-10-14,2853.0
2003-10-15,2862.0
2003-10-16,2869.5
2003-10-17,2888.0
2003-10-20,2891.0
2003-10-21,2870.0
2003-10-22,2875.0
2003-10-23,2874.0
2003-10-24,2879.0
2003-10-27,2876.0
2003-10-28,2861.0
2003-10-29,2846.0
2003-10-30,2851.0
2003-10-31,2854.5
2003-11-03,2885.0
2003-11-04,2893.0
2003-11-05,2894.0
2003-11-06,2905.0
2003-11-07,2892.5
2003-11-10,2913.0
2003-11-11,2930.0
2003-11-12,2922.0
2003-11-13,2958.0
2003-11-14,2968.0
2003-11-17,2948.0
2003-11-18,2957.0
2003-11-19,2954.0
2003-11-20,2953.0
2003-11-21,2931.0
2003-11-24,2927.0
2003-11-25,2939.0
2003-11-26,2950.0
2003-11-27,2944.0
2003-11-28,2948.1
2003-12-01,2956.5
2003-12-02,2964.5
2003-12-03,2963.0
2003-12-04,2974.0
2003-12-05,2961.5
2003-12-08,2966.5
2003-12-09,2957.0
2003-12-10,2963.5
2003-12-11,2956.0
2003-12-12,2952.0
2003-12-15,2934.5
2003-12-16,2951.5
2003-12-17,2942.5
2003-12-18,2944.0
2003-12-19,2931.0
2003-12-22,2927.0
2003-12-23,2915.0
2003-12-24,
2003-12-26,2903.0
2003-12-29,2861.0
2003-12-30,2888.0
2004-01-02,2907.0
2004-01-05,2881.0
2004-01-06,2892.0
2004-01-07,2882.0
2004-01-08,2879.0
2004-01-09,2852.0
2004-01-12,2809.0
2004-01-13,2824.0
2004-01-14,2835.0
2004-01-15,2829.0
2004-01-16,2841.0
2004-01-19,2852.5
2004-01-20,2850.5
2004-01-21,2855.0
2004-01-22,2845.0
2004-01-23,2848.0
2004-01-26,2850.0
2004-01-27,2872.5
2004-01-28,2897.0
2004-01-29,2932.0
2004-01-30,2941.0
2004-02-02,2969.5
2004-02-03,2943.0
2004-02-04,2943.0
2004-02-05,2952.0
2004-02-06,2952.0
2004-02-09,2945.0
2004-02-10,2937.0
2004-02-11,2921.0
2004-02-12,2907.0
2004-02-13,2915.0
2004-02-16,2917.5
2004-02-17,2927.0
2004-02-18,2949.0
2004-02-19,2966.0
2004-02-20,2965.0
2004-02-24,
2004-02-25,2944.0
2004-02-26,2934.0
2004-02-27,2914.3
2004-03-01,2930.0
2004-03-02,2924.0
2004-03-03,2919.0
2004-03-04,2920.0
2004-03-05,2897.0
2004-03-08,2902.0
2004-03-09,2909.0
2004-03-10,2925.0
2004-03-11,2930.5
2004-03-12,2922.0
2004-03-15,2924.5
2004-03-16,2915.0
2004-03-17,2927.5
2004-03-18,2920.5
2004-03-19,2914.5
2004-03-22,2924.0
2004-03-23,2924.5
2004-03-24,2938.0
2004-03-25,2943.0
2004-03-26,2941.0
2004-03-29,2942.5
2004-03-30,2910.0
2004-03-31,2908.4
2004-04-01,2919.5
2004-04-02,2922.0
2004-04-05,2902.5
2004-04-06,2900.0
2004-04-07,2895.0
2004-04-08,2907.0
2004-04-12,2902.5
2004-04-13,2911.5
2004-04-14,2904.5
2004-04-15,2936.0
2004-04-16,2923.5
2004-04-19,2919.5
2004-04-20,2940.0
2004-04-21,
2004-04-22,2936.0
2004-04-23,2917.0
2004-04-26,2916.0
2004-04-27,
2004-04-28,2954.0
2004-04-29,2969.0
2004-04-30,2944.0
2004-05-03,3015.0
2004-05-04,3002.0
2004-05-05,2986.0
2004-05-06,3028.0
2004-05-07,3092.0
2004-05-10,3173.0
2004-05-11,3105.0
2004-05-12,3168.0
2004-05-13,3158.0
2004-05-14,3112.0
2004-05-17,3142.0
2004-05-18,3148.0
2004-05-19,3150.0
2004-05-20,3226.0
2004-05-21,3206.0
2004-05-24,3188.0
2004-05-25,
2004-05-26,3167.0
2004-05-27,3120.0
2004-05-28,3085.0
2004-05-31,
2004-06-01,3186.0
2004-06-02,3172.0
2004-06-03,3190.0
2004-06-04,3165.0
2004-06-07,3143.0
2004-06-08,3139.0
2004-06-09,3152.0
2004-06-10,
2004-06-11,3166.0
2004-06-14,3192.0
2004-06-15,3144.0
2004-06-16,3158.0
2004-06-17,3144.5
2004-06-18,3154.0
2004-06-21,3145.0
2004-06-22,3143.0
2004-06-23,3128.0
2004-06-24,3096.0
2004-06-25,3113.0
2004-06-28,3129.0
2004-06-29,3111.0
2004-06-30,
2004-07-01,3109.0
2004-07-02,3073.0
2004-07-05,3056.5
2004-07-06,3079.0
2004-07-07,3064.0
2004-07-08,3085.0
2004-07-09,
2004-07-12,3059.5
2004-07-13,3063.0
2004-07-14,3047.0
2004-07-15,3034.0
2004-07-16,3017.5
2004-07-19,3011.0
2004-07-20,3018.0
2004-07-21,3038.0
2004-07-22,3049.0
2004-07-23,3064.0
2004-07-26,3082.0
2004-07-27,3066.0
2004-07-28,3053.0
2004-07-29,3039.0
2004-07-30,3027.0
2004-08-02,3083.0
2004-08-03,3084.0
2004-08-04,3086.0
2004-08-05,3102.0
2004-08-06,3061.0
2004-08-09,3067.0
2004-08-10,3054.0
2004-08-11,3059.5
2004-08-12,3057.0
2004-08-13,3040.0
2004-08-16,3025.5
2004-08-17,3012.0
2004-08-18,2997.0
2004-08-19,2999.0
2004-08-20,2977.0
2004-08-23,2972.0
2004-08-24,2962.0
2004-08-25,2955.5
2004-08-26,2960.0
2004-08-27,2957.67
2004-08-30,2947.0
2004-08-31,
2004-09-01,2962.0
2004-09-02,2968.0
2004-09-03,2956.0
2004-09-06,2937.5
2004-09-07,
2004-09-08,2927.0
2004-09-09,2923.0
2004-09-10,2926.0
2004-09-13,2930.5
2004-09-14,2927.5
2004-09-15,2920.5
2004-09-16,2901.0
2004-09-17,2881.0
2004-09-20,2888.0
2004-09-21,2877.5
2004-09-22,2891.0
2004-09-23,2888.0
2004-09-24,2877.0
2004-09-27,2877.0
2004-09-28,2868.5
2004-09-29,2854.0
2004-09-30,
2004-10-01,2866.0
2004-10-04,2852.5
2004-10-05,2854.5
2004-10-06,2866.5
2004-10-07,2873.0
2004-10-08,2850.0
2004-10-11,2840.0
2004-10-12,
2004-10-13,2859.0
2004-10-14,2892.0
2004-10-15,2873.5
2004-10-18,2873.0
2004-10-19,
2004-10-20,2883.0
2004-10-21,2867.0
2004-10-22,2878.0
2004-10-25,2890.0
2004-10-26,2869.0
2004-10-27,2864.5
2004-10-28,2868.0
2004-10-29,2856.0
2004-11-01,2885.5
2004-11-02,
2004-11-03,2859.0
2004-11-04,2846.5
2004-11-05,2846.0
2004-11-08,2860.0
2004-11-09,2848.5
2004-11-10,2847.0
2004-11-11,2838.0
2004-11-12,2808.0
2004-11-15,
2004-11-16,2801.0
2004-11-17,2775.0
2004-11-18,2790.0
2004-11-19,2796.0
2004-11-22,2763.0
2004-11-23,2749.5
2004-11-24,2759.0
2004-11-25,2748.0
2004-11-26,2735.0
2004-11-29,2749.0
2004-11-30,2731.5
2004-12-01,2742.0
2004-12-02,2763.5
2004-12-03,2738.0
2004-12-06,2746.0
2004-12-07,2773.0
2004-12-08,2784.5
2004-12-09,2805.5
2004-12-10,2799.5
2004-12-13,2786.0
2004-12-14,2787.0
2004-12-15,2744.0
2004-12-16,2757.0
2004-12-17,2726.5
2004-12-20,2690.0
2004-12-21,2712.0
2004-12-22,2716.0
2004-12-23,2710.0
2004-12-27,2695.0
2004-12-28,2693.5
2004-12-29,2668.0
2004-12-30,2654.2
2005-01-03,2705.0
2005-01-04,2727.5
2005-01-05,2733.0
2005-01-06,2748.0
2005-01-07,2737.0
2005-01-10,2726.5
2005-01-11,2743.0
2005-01-12,2718.0
2005-01-13,2715.0
2005-01-14,2715.5
2005-01-17,2715.0
2005-01-18,2731.5
2005-01-19,2722.0
2005-01-20,2728.0
2005-01-21,2696.0
2005-01-24,2687.0
2005-01-25,
2005-01-26,2668.0
2005-01-27,2668.0
2005-01-28,2647.0
2005-01-31,2624.5
2005-02-01,2633.0
2005-02-02,2638.0
2005-02-03,2624.0
2005-02-04,2633.0
2005-02-08,
2005-02-09,2625.5
2005-02-10,2636.0
2005-02-11,2620.0
2005-02-14,2594.0
2005-02-15,2597.0
2005-02-16,2592.0
2005-02-17,2572.0
2005-02-18,2580.0
2005-02-21,2584.5
2005-02-22,2604.5
2005-02-23,2597.0
2005-02-24,2635.0
2005-02-25,2619.0
2005-02-28,2595.7
2005-03-01,2649.0
2005-03-02,2673.0
2005-03-03,2711.0
2005-03-04,2684.0
2005-03-07,2704.0
2005-03-08,2719.0
2005-03-09,2727.0
2005-03-10,2735.0
2005-03-11,2740.0
2005-03-14,2770.0
2005-03-15,2782.0
2005-03-16,2778.0
2005-03-17,2732.0
2005-03-18,2729.0
2005-03-21,2737.0
2005-03-22,2707.0
2005-03-23,2757.0
2005-03-24,2746.0
2005-03-28,2727.5
2005-03-29,2702.0
2005-03-30,2676.0
2005-03-31,2666.0
2005-04-01,2689.0
2005-04-04,2669.0
2005-04-05,2653.0
2005-04-06,2628.0
2005-04-07,2618.0
2005-04-08,2607.0
2005-04-11,2605.0
2005-04-12,2592.0
2005-04-13,2579.0
2005-04-14,2592.0
2005-04-15,2633.0
2005-04-18,2620.5
2005-04-19,2585.5
2005-04-20,2570.0
2005-04-21,
2005-04-22,2545.0
2005-04-25,2528.5
2005-04-26,2540.0
2005-04-27,2518.0
2005-04-28,2554.0
2005-04-29,2531.5
2005-05-02,2540.0
2005-05-03,2520.5
2005-05-04,2492.0
2005-05-05,2489.0
2005-05-06,2484.0
2005-05-09,2472.0
2005-05-10,2493.5
2005-05-11,2474.0
2005-05-12,2485.0
2005-05-13,2489.0
2005-05-16,2491.5
2005-05-17,2494.0
2005-05-18,2470.0
2005-05-19,2457.0
2005-05-20,2449.0
2005-05-23,2434.0
2005-05-24,2434.0
2005-05-25,2412.0
2005-05-26,
2005-05-27,2386.0
2005-05-30,2372.0
2005-05-31,2404.0
2005-06-01,2474.0
2005-06-02,2443.0
2005-06-03,2454.0
2005-06-06,2478.0
2005-06-07,2490.0
2005-06-08,2486.0
2005-06-09,2521.0
2005-06-10,2496.0
2005-06-13,2472.0
2005-06-14,2454.0
2005-06-15,2453.5
2005-06-16,2422.0
2005-06-17,2401.0
2005-06-20,2406.0
2005-06-21,2384.5
2005-06-22,2393.0
2005-06-23,2407.0
2005-06-24,2387.0
2005-06-27,2379.5
2005-06-28,2370.0
2005-06-29,2358.0
2005-06-30,2351.5
2005-07-01,2384.0
2005-07-04,2393.0
2005-07-05,2402.0
2005-07-06,2419.0
2005-07-07,2399.0
2005-07-08,2395.0
2005-07-11,2359.0
2005-07-12,2359.0
2005-07-13,2371.0
2005-07-14,2350.5
2005-07-15,2350.0
2005-07-18,2348.0
2005-07-19,2353.0
2005-07-20,2354.0
2005-07-21,2364.5
2005-07-22,2405.0
2005-07-25,2468.0
2005-07-26,2454.0
2005-07-27,2442.0
2005-07-28,2410.0
2005-07-29,2391.3
2005-08-01,2402.5
2005-08-02,2376.0
2005-08-03,2342.5
2005-08-04,2335.0
2005-08-05,2335.0
2005-08-08,2353.0
2005-08-09,2318.0
2005-08-10,2300.0
2005-08-11,2365.0
2005-08-12,2394.0
2005-08-15,2349.0
2005-08-16,2374.0
2005-08-17,2369.0
2005-08-18,2394.0
2005-08-19,2464.0
2005-08-22,2397.0
2005-08-23,2421.0
2005-08-24,2449.0
2005-08-25,2405.0
2005-08-26,2409.0
2005-08-29,2389.0
2005-08-30,2386.0
2005-08-31,2363.7
2005-09-01,2392.0
2005-09-02,2357.5
2005-09-05,2364.0
2005-09-06,2349.5
2005-09-07,
2005-09-08,2343.0
2005-09-09,2331.0
2005-09-12,2341.0
2005-09-13,2344.5
2005-09-14,2344.0
2005-09-15,2312.0
2005-09-16,2313.0
2005-09-19,2308.0
2005-09-20,2311.0
2005-09-21,2284.5
2005-09-22,2284.0
2005-09-23,2273.0
2005-09-26,2257.0
2005-09-27,2263.0
2005-09-28,2237.0
2005-09-29,2214.0
2005-09-30,2222.1
2005-10-03,2254.5
2005-10-04,2283.0
2005-10-05,2291.0
2005-10-06,2315.0
2005-10-07,2270.0
2005-10-10,2257.0
2005-10-11,2251.0
2005-10-12,
2005-10-13,2275.0
2005-10-14,2260.0
2005-10-17,2250.0
2005-10-18,2252.0
2005-10-19,2260.0
2005-10-20,2258.0
2005-10-21,2272.0
2005-10-24,2266.0
2005-10-25,2268.0
2005-10-26,2283.0
2005-10-27,2293.5
2005-10-28,2264.0
2005-10-31,2254.1
2005-11-01,2268.0
2005-11-02,
2005-11-03,2242.0
2005-11-04,2231.0
2005-11-07,2221.5
2005-11-08,2211.0
2005-11-09,2192.0
2005-11-10,2182.0
2005-11-11,2176.0
2005-11-14,2222.0
2005-11-15,
2005-11-16,2215.0
2005-11-17,2200.0
2005-11-18,2238.5
2005-11-21,2230.5
2005-11-22,2252.0
2005-11-23,2246.0
2005-11-24,2247.5
2005-11-25,2236.0
2005-11-28,2204.0
2005-11-29,2188.0
2005-11-30,2206.2
2005-12-01,2243.5
2005-12-02,2229.0
2005-12-05,2215.0
2005-12-06,2193.0
2005-12-07,2209.0
2005-12-08,2240.0
2005-12-09,2267.0
2005-12-12,2274.5
2005-12-13,2279.0
2005-12-14,2293.0
2005-12-15,2311.0
2005-12-16,2347.0
2005-12-19,2392.0
2005-12-20,2355.0
2005-12-21,2314.0
2005-12-22,2335.0
2005-12-23,2321.0
2005-12-26,2340.5
2005-12-27,2341.0
2005-12-28,2346.0
2005-12-29,2341.5
2006-01-02,2363.0
2006-01-03,2352.0
2006-01-04,2309.0
2006-01-05,2306.0
2006-01-06,2298.0
2006-01-09,2265.0
2006-01-10,2276.0
2006-01-11,2296.0
2006-01-12,2276.0
2006-01-13,2287.0
2006-01-16,2284.0
2006-01-17,2322.0
2006-01-18,2332.0
2006-01-19,2336.0
2006-01-20,2284.0
2006-01-23,2262.5
2006-01-24,2247.5
2006-01-25,
2006-01-26,2231.5
2006-01-27,2217.0
2006-01-30,2216.5
2006-01-31,2216.0
2006-02-01,2238.0
2006-02-02,2241.0
2006-02-03,2220.0
2006-02-06,2196.0
2006-02-07,2199.0
2006-02-08,2196.5
2006-02-09,2179.5
2006-02-10,2173.5
2006-02-13,2160.5
2006-02-14,2145.5
2006-02-15,2144.0
2006-02-16,2119.5
2006-02-17,2128.0
2006-02-20,2120.0
2006-02-21,2159.0
2006-02-22,2142.5
2006-02-23,2144.0
2006-03-01,2136.5
2006-03-02,2133.0
2006-03-03,2131.5
2006-03-06,2160.0
2006-03-07,2188.0
2006-03-08,2203.0
2006-03-09,2177.0
2006-03-10,2152.0
2006-03-13,2146.5
2006-03-14,2137.0
2006-03-15,2132.0
2006-03-16,2120.0
2006-03-17,2135.0
2006-03-20,2160.0
2006-03-21,2182.0
2006-03-22,2159.0
2006-03-23,2167.0
2006-03-24,2159.0
2006-03-27,2174.0
2006-03-28,2213.0
2006-03-29,2214.0
2006-03-30,2189.0
2006-03-31,
2006-04-03,2155.0
2006-04-04,2149.5
2006-04-05,2147.0
2006-04-06,2141.0
2006-04-07,2161.0
2006-04-10,2167.0
2006-04-11,2148.5
2006-04-12,2141.5
2006-04-13,2148.0
2006-04-14,
2006-04-17,2142.5
2006-04-18,2122.0
2006-04-19,2119.0
2006-04-20,2125.0
2006-04-21,
2006-04-24,2116.5
2006-04-25,2129.5
2006-04-26,2119.5
2006-04-27,2104.5
2006-05-02,2077.0
2006-05-03,2090.0
2006-05-04,2087.0
2006-05-05,2069.5
2006-05-08,2086.0
2006-05-09,2072.5
2006-05-10,2071.5
2006-05-11,2114.0
2006-05-12,2156.0
2006-05-15,2197.0
2006-05-16,2143.5
2006-05-17,2213.0
2006-05-18,2183.0
2006-05-19,2215.0
2006-05-22,2297.0
2006-05-23,2298.0
2006-05-24,2407.787
2006-05-25,2300.0
2006-05-26,2245.0
2006-05-29,2276.0
2006-05-30,2310.0
2006-06-01,2274.0
2006-06-02,2296.0
2006-06-05,2269.0
2006-06-06,2275.0
2006-06-07,2255.0
2006-06-08,2286.0
2006-06-09,2274.0
2006-06-12,2303.0
2006-06-13,2322.0
2006-06-14,2292.0
2006-06-15,
2006-06-16,2254.0
2006-06-19,2264.0
2006-06-20,2252.0
2006-06-21,2238.0
2006-06-22,2245.0
2006-06-23,2234.0
2006-06-26,2235.0
2006-06-27,2240.0
2006-06-28,2221.0
2006-06-29,2174.0
2006-06-30,2164.2
2006-07-03,2195.0
2006-07-04,2184.0
2006-07-05,2214.0
2006-07-06,2188.0
2006-07-07,2193.0
2006-07-10,2193.0
2006-07-11,2195.0
2006-07-12,2210.0
2006-07-13,2230.0
2006-07-14,2222.0
2006-07-17,2213.0
2006-07-18,2199.5
2006-07-19,2182.0
2006-07-20,2198.0
2006-07-21,2204.0
2006-07-24,2195.0
2006-07-25,2205.0
2006-07-26,2192.0
2006-07-27,2192.0
2006-07-28,2175.0
2006-08-01,2208.0
2006-08-02,2198.0
2006-08-03,2192.5
2006-08-04,2197.0
2006-08-07,2197.5
2006-08-08,2189.0
2006-08-09,2179.0
2006-08-10,2170.5
2006-08-11,2175.5
2006-08-14,2171.0
2006-08-15,2149.0
2006-08-16,2145.0
2006-08-17,2149.0
2006-08-18,2152.0
2006-08-21,2137.5
2006-08-22,2141.5
2006-08-23,2156.0
2006-08-24,2157.5
2006-08-25,2160.0
2006-08-28,2142.5
2006-08-29,2139.0
2006-08-30,2137.0
2006-09-01,2150.0
2006-09-04,2134.0
2006-09-05,2142.0
2006-09-06,2161.5
2006-09-07,
2006-09-08,2168.5
2006-09-11,2185.5
2006-09-12,2177.0
2006-09-13,2166.5
2006-09-14,2171.5
2006-09-15,2158.5
2006-09-18,2152.5
2006-09-19,2168.0
2006-09-20,2182.0
2006-09-21,2213.0
2006-09-22,2211.5
2006-09-25,2222.0
2006-09-26,2194.0
2006-09-27,2186.5
2006-09-28,2171.0
2006-10-02,2172.0
2006-10-03,2185.0
2006-10-04,2173.5
2006-10-05,2170.5
2006-10-06,2173.0
2006-10-09,2165.5
2006-10-10,2163.5
2006-10-11,2167.0
2006-10-12,
2006-10-13,2145.0
2006-10-16,2137.0
2006-10-17,2138.0
2006-10-18,2142.5
2006-10-19,2146.0
2006-10-20,2144.0
2006-10-23,2142.5
2006-10-24,2152.5
2006-10-25,2146.5
2006-10-26,2139.5
2006-10-27,2134.5
2006-10-30,2149.5
2006-11-01,2155.5
2006-11-02,
2006-11-03,2150.5
2006-11-06,2148.0
2006-11-07,2147.5
2006-11-08,2154.0
2006-11-09,2150.0
2006-11-10,2159.0
2006-11-13,2177.0
2006-11-14,2155.0
2006-11-15,
2006-11-16,2159.5
2006-11-17,2166.0
2006-11-21,2167.0
2006-11-22,2169.0
2006-11-23,2172.0
2006-11-24,2172.0
2006-11-27,2194.0
2006-11-28,2188.0
2006-11-29,2169.0
2006-12-01,2177.5
2006-12-04,2174.0
2006-12-05,2159.5
2006-12-06,2154.0
2006-12-07,2151.5
2006-12-08,2146.5
2006-12-11,2143.0
2006-12-12,2156.5
2006-12-13,2151.0
2006-12-14,2152.0
2006-12-15,2149.0
2006-12-18,2152.0
2006-12-19,2164.0
2006-12-20,2159.0
2006-12-21,2159.0
2006-12-22,2149.0
2006-12-26,2143.0
2006-12-27,2143.5
2007-01-02,2142.0
2007-01-03,2150.0
2007-01-04,2155.5
2007-01-05,2163.0
2007-01-08,2161.5
2007-01-09,2158.0
2007-01-10,2157.5
2007-01-11,2152.5
2007-01-12,2148.5
2007-01-15,2148.5
2007-01-16,2146.0
2007-01-17,2139.5
2007-01-18,2139.5
2007-01-19,2134.5
2007-01-22,2139.0
2007-01-23,2134.0
2007-01-24,2129.0
2007-01-25,
2007-01-26,2138.5
2007-01-29,2135.0
2007-01-30,2131.5
2007-02-01,2108.0
2007-02-02,2111.0
2007-02-05,2098.5
2007-02-06,2091.0
2007-02-07,2098.0
2007-02-08,2098.0
2007-02-09,2112.5
2007-02-12,2118.0
2007-02-13,2111.0
2007-02-14,2094.5
2007-02-15,2097.0
2007-02-16,2095.0
2007-02-21,2079.0
2007-02-22,2083.5
2007-02-23,2089.0
2007-02-26,2084.0
2007-02-27,2119.5
2007-03-01,2126.0
2007-03-02,2140.0
2007-03-05,2143.0
2007-03-06,2124.5
2007-03-07,2119.5
2007-03-08,2113.5
2007-03-09,2104.5
2007-03-12,2094.0
2007-03-13,2109.0
2007-03-14,2102.0
2007-03-15,2094.0
2007-03-16,2096.0
2007-03-19,2082.0
2007-03-20,2080.0
2007-03-21,2061.5
2007-03-22,2062.0
2007-03-23,2062.5
2007-03-26,2062.0
2007-03-27,2063.0
2007-03-28,2068.5
2007-03-29,2043.0
2007-03-30,2050.0
2007-04-02,2055.0
2007-04-03,2043.5
2007-04-04,2040.5
2007-04-05,2038.5
2007-04-09,2031.0
2007-04-10,2033.0
2007-04-11,2043.5
2007-04-12,2040.0
2007-04-13,2026.5
2007-04-16,2040.0
2007-04-17,2039.0
2007-04-18,2035.0
2007-04-19,2032.0
2007-04-20,2029.0
2007-04-23,2038.0
2007-04-24,2035.5
2007-04-25,2021.0
2007-04-26,2027.5
2007-04-27,2031.0
2007-04-30,2033.0
2007-05-02,2031.0
2007-05-03,2036.0
2007-05-04,2041.5
2007-05-07,2027.5
2007-05-08,2029.0
2007-05-09,2023.5
2007-05-10,2028.5
2007-05-11,2023.0
2007-05-14,2012.0
2007-05-15,1985.5
2007-05-16,1956.0
2007-05-17,1954.5
2007-05-18,1963.0
2007-05-21,1940.5
2007-05-22,1945.5
2007-05-23,1953.0
2007-05-24,1971.0
2007-05-25,1952.5
2007-05-28,1943.5
2007-05-29,1950.0
2007-05-30,1940.0
2007-05-31,1929.0
2007-06-01,1911.0
2007-06-04,1932.5
2007-06-05,1951.5
2007-06-06,1957.0
2007-06-07,
2007-06-08,1964.5
2007-06-11,1945.5
2007-06-12,1950.0
2007-06-13,1947.5
2007-06-14,1927.5
2007-06-15,1915.0
2007-06-18,1907.5
2007-06-19,1906.0
2007-06-20,1930.5
2007-06-21,1917.5
2007-06-22,1943.0
2007-06-25,1952.0
2007-06-26,1954.5
2007-06-27,1944.0
2007-06-28,1921.5
2007-06-29,1926.5
2007-07-02,1923.0
2007-07-03,1915.5
2007-07-04,1916.0
2007-07-05,1919.5
2007-07-06,1909.0
2007-07-09,
2007-07-10,1897.0
2007-07-11,1896.0
2007-07-12,1877.0
2007-07-13,1866.5
2007-07-16,1874.0
2007-07-17,1862.5
2007-07-18,1863.0
2007-07-19,1857.5
2007-07-20,1858.5
2007-07-23,1843.5
2007-07-24,1864.0
2007-07-25,1866.5
2007-07-26,1928.0
2007-07-27,1894.5
2007-07-30,1875.0
2007-07-31,1878.0
2007-08-01,1900.0
2007-08-02,1882.5
2007-08-03,1907.0
2007-08-06,1912.0
2007-08-07,1911.0
2007-08-08,1890.0
2007-08-09,1932.0
2007-08-10,1955.0
2007-08-13,1946.5
2007-08-14,1989.0
2007-08-15,2034.0
2007-08-16,2095.0
2007-08-17,2028.0
2007-08-20,2031.0
2007-08-21,2036.0
2007-08-22,2012.5
2007-08-23,1989.5
2007-08-24,1942.0
2007-08-27,1950.0
2007-08-28,2001.5
2007-08-29,1966.0
2007-08-30,1973.0
2007-08-31,1962.0
2007-09-03,1958.5
2007-09-04,1952.0
2007-09-05,1972.5
2007-09-06,1950.0
2007-09-07,
2007-09-10,1949.5
2007-09-11,1927.5
2007-09-12,1911.0
2007-09-13,1907.0
2007-09-14,1903.0
2007-09-17,1922.5
2007-09-18,1878.0
2007-09-19,1870.0
2007-09-20,1883.5
2007-09-21,1869.5
2007-09-24,1871.5
2007-09-25,1860.0
2007-09-26,1846.0
2007-09-27,1842.5
2007-09-28,1838.0
2007-10-01,1815.5
2007-10-02,1829.5
2007-10-03,1843.5
2007-10-04,1830.5
2007-10-05,1808.5
2007-10-08,1822.0
2007-10-09,1806.5
2007-10-10,1808.5
2007-10-11,1810.0
2007-10-12,
2007-10-15,1818.0
2007-10-16,1817.5
2007-10-17,1824.5
2007-10-18,1787.5
2007-10-19,1806.0
2007-10-22,1821.0
2007-10-23,1798.0
2007-10-24,1807.5
2007-10-25,1795.0
2007-10-26,1769.0
2007-10-29,1756.0
2007-10-30,1752.5
2007-10-31,1744.0
2007-11-01,1753.5
2007-11-02,
2007-11-05,1755.0
2007-11-06,1740.5
2007-11-07,1745.0
2007-11-08,1748.0
2007-11-09,1750.5
2007-11-12,1781.5
2007-11-13,1770.0
2007-11-14,1737.0
2007-11-15,
2007-11-16,1750.0
2007-11-19,1770.0
2007-11-20,
2007-11-21,1778.0
2007-11-22,1780.5
2007-11-23,1804.0
2007-11-26,1824.5
2007-11-27,1836.0
2007-11-28,1792.0
2007-11-29,1792.0
2007-11-30,1782.5
2007-12-03,1794.0
2007-12-04,1809.0
2007-12-05,1797.5
2007-12-06,1776.5
2007-12-07,1762.0
2007-12-10,1769.0
2007-12-11,1760.0
2007-12-12,1775.0
2007-12-13,1785.0
2007-12-14,1797.0
2007-12-17,1815.5
2007-12-18,1814.5
2007-12-19,1802.0
2007-12-20,1805.0
2007-12-21,1793.5
2007-12-24,
2007-12-26,1771.0
2007-12-27,1760.0
2007-12-28,1771.0
2008-01-02,1779.0
2008-01-03,1758.0
2008-01-04,1760.0
2008-01-07,1770.0
2008-01-08,1765.5
2008-01-09,1772.5
2008-01-10,1760.0
2008-01-11,1750.5
2008-01-14,1736.5
2008-01-15,1753.5
2008-01-16,1775.0
2008-01-17,1787.5
2008-01-18,1787.0
2008-01-21,1832.0
2008-01-22,1794.0
2008-01-23,1827.0
2008-01-24,1786.0
2008-01-25,
2008-01-28,1784.0
2008-01-29,1779.5
2008-01-30,1780.0
2008-01-31,1760.5
2008-02-01,1753.0
2008-02-04,
2008-02-05,
2008-02-06,1759.5
2008-02-07,1764.5
2008-02-08,1775.5
2008-02-11,1763.5
2008-02-12,1755.5
2008-02-13,1748.0
2008-02-14,1755.0
2008-02-15,1756.5
2008-02-18,1738.0
2008-02-19,1735.0
2008-02-20,1725.0
2008-02-21,1711.5
2008-02-22,1708.0
2008-02-25,1705.5
2008-02-26,1683.5
2008-02-27,1670.5
2008-02-28,1668.5
2008-02-29,1682.5
2008-03-03,1679.0
2008-03-04,1693.0
2008-03-05,1676.5
2008-03-06,1685.5
2008-03-07,1689.0
2008-03-10,1712.0
2008-03-11,1687.5
2008-03-12,1678.5
2008-03-13,1696.5
2008-03-14,1717.0
2008-03-17,1728.0
2008-03-18,1692.0
2008-03-19,1725.0
2008-03-20,1736.5
2008-03-21,
2008-03-24,1749.5
2008-03-25,1733.0
2008-03-26,1726.0
2008-03-27,1737.0
2008-03-28,1744.0
2008-03-31,1748.5
2008-04-01,1755.0
2008-04-02,1737.0
2008-04-03,1726.5
2008-04-04,1718.5
2008-04-07,1713.0
2008-04-08,1702.5
2008-04-09,1696.5
2008-04-10,1691.5
2008-04-11,1696.5
2008-04-14,1693.0
2008-04-15,1688.5
2008-04-16,1667.0
2008-04-17,1661.0
2008-04-18,1672.5
2008-04-21,
2008-04-22,1663.5
2008-04-23,1660.5
2008-04-24,1672.0
2008-04-25,1668.5
2008-04-28,1689.5
2008-04-29,1705.5
2008-04-30,1690.0
2008-05-02,1661.0
2008-05-05,1668.0
2008-05-06,1672.5
2008-05-07,1701.0
2008-05-08,1697.5
2008-05-09,1693.5
2008-05-12,1669.5
2008-05-13,1672.0
2008-05-14,1674.0
2008-05-15,1658.0
2008-05-16,1646.5
2008-05-19,1655.0
2008-05-20,1655.5
2008-05-21,1661.0
2008-05-22,
2008-05-23,1662.0
2008-05-26,1657.0
2008-05-27,1669.0
2008-05-28,1652.0
2008-05-29,1640.0
2008-05-30,1629.0
2008-06-02,1636.5
2008-06-03,1643.5
2008-06-04,1638.0
2008-06-05,1635.5
2008-06-06,1643.0
2008-06-09,1633.5
2008-06-10,1651.5
2008-06-11,1645.5
2008-06-12,1640.5
2008-06-13,1642.0
2008-06-16,1629.0
2008-06-17,1616.5
2008-06-18,1610.5
2008-06-19,1611.0
2008-06-20,1609.5
2008-06-23,1616.0
2008-06-24,1607.0
2008-06-25,1592.0
2008-06-26,1602.5
2008-06-27,1595.0
2008-06-30,1592.0
2008-07-01,1610.5
2008-07-02,1619.5
2008-07-03,1620.0
2008-07-04,1616.5
2008-07-07,1608.5
2008-07-08,1622.0
2008-07-09,
2008-07-10,1613.5
2008-07-11,1608.5
2008-07-14,1604.0
2008-07-15,1599.5
2008-07-16,1601.5
2008-07-17,1604.0
2008-07-18,1592.5
2008-07-21,1586.0
2008-07-22,1582.5
2008-07-23,1586.0
2008-07-24,1582.5
2008-07-25,1574.5
2008-07-28,1575.0
2008-07-29,1568.5
2008-07-30,1561.5
2008-07-31,1567.0
2008-08-01,1573.5
2008-08-04,1571.0
2008-08-05,1583.0
2008-08-06,1587.0
2008-08-07,1606.5
2008-08-08,1617.5
2008-08-11,1636.5
2008-08-12,1627.0
2008-08-13,1617.0
2008-08-14,1630.0
2008-08-15,1643.5
2008-08-18,1646.5
2008-08-19,1630.0
2008-08-20,1623.5
2008-08-21,1615.0
2008-08-22,1630.5
2008-08-25,1633.0
2008-08-26,1629.5
2008-08-27,1625.5
2008-08-28,1637.0
2008-08-29,1634.5
2008-09-01,1659.5
2008-09-02,1667.5
2008-09-03,1691.5
2008-09-04,1726.5
2008-09-05,1729.5
2008-09-08,1751.0
2008-09-09,1781.0
2008-09-10,1799.5
2008-09-11,1810.0
2008-09-12,1788.5
2008-09-15,1820.0
2008-09-16,1823.0
2008-09-17,1895.0
2008-09-18,1891.0
2008-09-19,1832.5
2008-09-22,1809.0
2008-09-23,1843.0
2008-09-24,1866.0
2008-09-25,1828.0
2008-09-26,1852.0
2008-09-29,1962.0
2008-09-30,1914.5
2008-10-01,1931.0
2008-10-02,2034.5
2008-10-03,2060.0
2008-10-06,2192.0
2008-10-07,2323.5
2008-10-08,2328.0
2008-10-09,2280.0
2008-10-10,2328.0
2008-10-13,2142.0
2008-10-14,2089.5
2008-10-15,2239.5
2008-10-16,2140.0
2008-10-17,2120.5
2008-10-20,2122.0
2008-10-21,2260.0
2008-10-22,2390.0
2008-10-23,2246.0
2008-10-24,2307.0
2008-10-27,2257.0
2008-10-28,2163.0
2008-10-29,2115.0
2008-10-30,2096.0
2008-10-31,2115.5
2008-11-03,2195.0
2008-11-04,2139.0
2008-11-05,2141.5
2008-11-06,2240.0
2008-11-07,2168.0
2008-11-10,2194.0
2008-11-11,2234.5
2008-11-12,2340.0
2008-11-13,2324.0
2008-11-14,2240.0
2008-11-17,2300.0
2008-11-18,2350.0
2008-11-19,2389.0
2008-11-20,
2008-11-21,2483.0
2008-11-24,2320.5
2008-11-25,2340.0
2008-11-26,2210.0
2008-11-27,2310.0
2008-11-28,2333.5
2008-12-01,2367.0
2008-12-02,2430.0
2008-12-03,2523.0
2008-12-04,2523.5
2008-12-05,2446.0
2008-12-08,2533.0
2008-12-09,2478.0
2008-12-10,2461.0
2008-12-11,2345.0
2008-12-12,2414.0
2008-12-15,2423.0
2008-12-16,2338.0
2008-12-17,2374.5
2008-12-18,2435.0
2008-12-19,2368.0
2008-12-22,2412.0
2008-12-23,2391.0
2008-12-24,
2008-12-26,2372.0
2008-12-29,2394.0
2008-12-30,2336.5
2009-01-02,2339.0
2009-01-05,2257.0
2009-01-06,2191.5
2009-01-07,2290.0
2009-01-08,2315.0
2009-01-09,2268.0
2009-01-12,2332.5
2009-01-13,2329.5
2009-01-14,2384.5
2009-01-15,2368.0
2009-01-16,2339.5
2009-01-19,2366.0
2009-01-20,2384.0
2009-01-21,2345.0
2009-01-22,2327.0
2009-01-23,2335.0
2009-01-26,2328.0
2009-01-27,2346.0
2009-01-28,2274.0
2009-01-29,2295.0
2009-01-30,2316.5
2009-02-02,2335.0
2009-02-03,2323.0
2009-02-04,2322.5
2009-02-05,2293.0
2009-02-06,2257.0
2009-02-09,2275.0
2009-02-10,2326.5
2009-02-11,2275.5
2009-02-12,2319.0
2009-02-13,2258.5
2009-02-16,2284.5
2009-02-17,2349.0
2009-02-18,2357.0
2009-02-19,2379.0
2009-02-20,2393.0
2009-02-24,
2009-02-25,2370.0
2009-02-26,2353.0
2009-02-27,2378.5
2009-03-02,2473.5
2009-03-03,2439.0
2009-03-04,2389.0
2009-03-05,2416.0
2009-03-06,2393.0
2009-03-09,2402.0
2009-03-10,2344.0
2009-03-11,2354.5
2009-03-12,2305.5
2009-03-13,2314.0
2009-03-16,2292.0
2009-03-17,2292.0
2009-03-18,2255.5
2009-03-19,2265.0
2009-03-20,2275.0
2009-03-23,2250.0
2009-03-24,2252.0
2009-03-25,2240.0
2009-03-26,2251.0
2009-03-27,2293.0
2009-03-30,2334.5
2009-03-31,2315.0
2009-04-01,2288.0
2009-04-02,2243.0
2009-04-03,2225.0
2009-04-06,2236.0
2009-04-07,2225.5
2009-04-08,2216.5
2009-04-09,2182.0
2009-04-10,
2009-04-13,2181.5
2009-04-14,2219.0
2009-04-15,2192.0
2009-04-16,2180.0
2009-04-17,2200.0
2009-04-20,2251.5
2009-04-21,
2009-04-22,2219.0
2009-04-23,2211.5
2009-04-24,2188.5
2009-04-27,2230.0
2009-04-28,2205.5
2009-04-29,2183.0
2009-04-30,2178.5
2009-05-04,2130.0
2009-05-05,2150.0
2009-05-06,2128.0
2009-05-07,2123.0
2009-05-08,2070.0
2009-05-11,2078.0
2009-05-12,2079.5
2009-05-13,2124.0
2009-05-14,2094.0
2009-05-15,2120.0
2009-05-18,2077.5
2009-05-19,2045.5
2009-05-20,2038.0
2009-05-21,2036.0
2009-05-22,2029.5
2009-05-25,2027.5
2009-05-26,2007.0
2009-05-27,2039.5
2009-05-28,2003.5
2009-05-29,1973.0
2009-06-01,1965.5
2009-06-02,1933.0
2009-06-03,1975.0
2009-06-04,1947.0
2009-06-05,1970.5
2009-06-08,1970.5
2009-06-09,1952.0
2009-06-10,1956.0
2009-06-11,
2009-06-12,1933.0
2009-06-15,1957.0
2009-06-16,1978.0
2009-06-17,1974.0
2009-06-18,1980.0
2009-06-19,1979.0
2009-06-22,2035.0
2009-06-23,1982.5
2009-06-24,1972.0
2009-06-25,1941.5
2009-06-26,1935.5
2009-06-29,1955.0
2009-06-30,1952.0
2009-07-01,1944.0
2009-07-02,1965.0
2009-07-03,1961.0
2009-07-06,1963.0
2009-07-07,2001.5
2009-07-08,2013.0
2009-07-09,
2009-07-10,2003.0
2009-07-13,1986.5
2009-07-14,1968.0
2009-07-15,1937.5
2009-07-16,1936.0
2009-07-17,1931.5
2009-07-20,1902.0
2009-07-21,1899.5
2009-07-22,1907.0
2009-07-23,1901.0
2009-07-24,1896.5
2009-07-27,1875.5
2009-07-28,1882.0
2009-07-29,1893.5
2009-07-30,1882.5
2009-07-31,1872.5
2009-08-03,1836.5
2009-08-04,1826.5
2009-08-05,1823.0
2009-08-06,1850.0
2009-08-07,1828.0
2009-08-10,1847.0
2009-08-11,1856.0
2009-08-12,1844.0
2009-08-13,1827.5
2009-08-14,1853.0
2009-08-17,1884.0
2009-08-18,1848.0
2009-08-19,1842.0
2009-08-20,1844.5
2009-08-21,1832.0
2009-08-24,1842.0
2009-08-25,1862.5
2009-08-26,1862.0
2009-08-27,1867.0
2009-08-28,1883.0
2009-08-31,1886.5
2009-09-01,1922.0
2009-09-02,1893.5
2009-09-03,1869.0
2009-09-04,1850.5
2009-09-07,
2009-09-08,1835.5
2009-09-09,1838.5
2009-09-10,1815.5
2009-09-11,1836.0
2009-09-14,1814.0
2009-09-15,1806.0
2009-09-16,1804.5
2009-09-17,1808.5
2009-09-18,1811.0
2009-09-21,1827.0
2009-09-22,1794.5
2009-09-23,1800.0
2009-09-24,1801.0
2009-09-25,1793.0
2009-09-28,1786.5
2009-09-29,1787.5
2009-09-30,1778.5
2009-10-01,1795.0
2009-10-02,1790.0
2009-10-05,1767.5
2009-10-06,1768.5
2009-10-07,1756.0
2009-10-08,1743.0
2009-10-09,1749.0
2009-10-13,1727.5
2009-10-14,1706.5
2009-10-15,1706.0
2009-10-16,1713.0
2009-10-19,1721.5
2009-10-20,1757.5
2009-10-21,1737.5
2009-10-22,1721.0
2009-10-23,1720.0
2009-10-26,1735.0
2009-10-27,1745.5
2009-10-28,1778.5
2009-10-29,1734.0
2009-10-30,1744.0
2009-11-03,1754.5
2009-11-04,1731.0
2009-11-05,1724.0
2009-11-06,1729.0
2009-11-09,1705.5
2009-11-10,1718.0
2009-11-11,1724.0
2009-11-12,1740.5
2009-11-13,1728.0
2009-11-16,1718.0
2009-11-17,1716.0
2009-11-18,1730.0
2009-11-19,1731.0
2009-11-23,1729.5
2009-11-24,1732.0
2009-11-25,1722.5
2009-11-26,1747.5
2009-11-27,1740.5
2009-11-30,1750.0
2009-12-01,1730.5
2009-12-02,1728.0
2009-12-03,1719.0
2009-12-04,1740.0
2009-12-07,1738.5
2009-12-08,1769.5
2009-12-09,1769.5
2009-12-10,1764.5
2009-12-11,1764.0
2009-12-14,1751.0
2009-12-15,1756.5
2009-12-16,1760.5
2009-12-17,1786.5
2009-12-18,1783.5
2009-12-21,1787.0
2009-12-22,1781.5
2009-12-23,1760.5
2009-12-28,1743.0
2009-12-29,1746.0
2009-12-30,1741.5
2010-01-04,1730.0
2010-01-05,1738.5
2010-01-06,1739.0
2010-01-07,1753.5
2010-01-08,1734.5
2010-01-11,1744.5
2010-01-12,1755.0
2010-01-13,1762.5
2010-01-14,1765.5
2010-01-15,1777.0
2010-01-18,1771.0
2010-01-19,1774.0
2010-01-20,1791.5
2010-01-21,1805.0
2010-01-22,1826.0
2010-01-26,1837.5
2010-01-27,1858.5
2010-01-28,1872.5
2010-01-29,1874.5
2010-02-01,1855.5
2010-02-02,1838.0
2010-02-03,1858.5
2010-02-04,1881.5
2010-02-05,1886.0
2010-02-08,1883.0
2010-02-09,1852.0
2010-02-10,1861.5
2010-02-11,1847.5
2010-02-12,1858.0
2010-02-17,1836.0
2010-02-18,1813.0
2010-02-19,1806.0
2010-02-22,1813.0
2010-02-23,1828.5
2010-02-24,1825.5
2010-02-25,1824.5
2010-02-26,1810.5
2010-03-01,1810.0
2010-03-02,1803.0
2010-03-03,1800.0
2010-03-04,1797.5
2010-03-05,1786.5
2010-03-08,1796.0
2010-03-09,1783.0
2010-03-10,1777.0
2010-03-11,1771.0
2010-03-12,1770.0
2010-03-15,1769.0
2010-03-16,1771.5
2010-03-17,1773.0
2010-03-18,1796.0
2010-03-19,1805.5
2010-03-22,1791.5
2010-03-23,1779.5
2010-03-24,1803.0
2010-03-25,1822.5
2010-03-26,1820.0
2010-03-29,1796.0
2010-03-30,1789.5
2010-03-31,1781.0
2010-04-01,1775.5
2010-04-05,1771.5
2010-04-06,1762.5
2010-04-07,1789.0
2010-04-08,1788.0
2010-04-09,1772.5
2010-04-12,1761.0
2010-04-13,1756.0
2010-04-14,1751.0
2010-04-15,1753.5
2010-04-16,1762.0
2010-04-19,1757.0
2010-04-20,1754.0
2010-04-22,1767.0
2010-04-23,1759.5
2010-04-26,1748.5
2010-04-27,1772.0
2010-04-28,1751.5
2010-04-29,1729.5
2010-04-30,1731.0
2010-05-03,1738.0
2010-05-04,1775.0
2010-05-05,1803.5
2010-05-06,1864.0
2010-05-07,1846.5
2010-05-10,1780.5
2010-05-11,1797.0
2010-05-12,1779.5
2010-05-13,1783.0
2010-05-14,1804.5
2010-05-17,1805.5
2010-05-18,1825.5
2010-05-19,1833.0
2010-05-20,1886.0
2010-05-21,1857.0
2010-05-24,1873.5
2010-05-25,1847.0
2010-05-26,1873.5
2010-05-27,1815.0
2010-05-28,1818.0
2010-05-31,1816.5
2010-06-01,1860.0
2010-06-02,1830.0
2010-06-04,1875.5
2010-06-07,1890.5
2010-06-08,1864.5
2010-06-09,1860.0
2010-06-10,1814.0
2010-06-11,1818.0
2010-06-14,1818.5
2010-06-15,1794.5
2010-06-16,1793.5
2010-06-17,1786.0
2010-06-18,1776.5
2010-06-21,1776.0
2010-06-22,1791.5
2010-06-23,1790.5
2010-06-24,1786.5
2010-06-25,1781.0
2010-06-28,1781.0
2010-06-29,1812.0
2010-06-30,1801.0
2010-07-01,1801.0
2010-07-02,1781.5
2010-07-05,1787.5
2010-07-06,1788.0
2010-07-07,1775.0
2010-07-08,1767.0
2010-07-12,1766.5
2010-07-13,1762.0
2010-07-14,1767.0
2010-07-15,1767.0
2010-07-16,1786.5
2010-07-19,1797.0
2010-07-20,1778.0
2010-07-21,1784.5
2010-07-22,1762.0
2010-07-23,1776.0
2010-07-26,1765.0
2010-07-27,1769.0
2010-07-28,1771.0
2010-07-29,1759.0
2010-07-30,1757.0
2010-08-02,1764.0
2010-08-03,1769.5
2010-08-04,1763.0
2010-08-05,1762.5
2010-08-06,1770.0
2010-08-09,1759.0
2010-08-10,1762.0
2010-08-11,1783.5
2010-08-12,1777.0
2010-08-13,1780.0
2010-08-16,1761.5
2010-08-17,1761.0
2010-08-18,1759.0
2010-08-19,1761.5
2010-08-20,1760.0
2010-08-23,1773.5
2010-08-24,1774.0
2010-08-25,1766.5
2010-08-26,1764.0
2010-08-27,1750.5
2010-08-30,1759.5
2010-08-31,1755.5
2010-09-01,1757.0
2010-09-02,1735.5
2010-09-03,1742.0
2010-09-06,1736.0
2010-09-08,1734.0
2010-09-09,1728.0
2010-09-10,1729.0
2010-09-13,1717.5
2010-09-14,1715.5
2010-09-15,1729.0
2010-09-16,1717.5
2010-09-17,1727.0
2010-09-20,1737.5
2010-09-21,1715.5
2010-09-22,1722.0
2010-09-23,1726.0
2010-09-24,1713.0
2010-09-27,1711.5
2010-09-28,1709.0
2010-09-29,1701.5
2010-09-30,1694.0
2010-10-01,1700.0
2010-10-04,1707.5
2010-10-05,1673.0
2010-10-06,1687.5
2010-10-07,1688.5
2010-10-08,1674.0
2010-10-11,1678.0
2010-10-13,1659.5
2010-10-14,1666.5
2010-10-15,1671.0
2010-10-18,1677.0
2010-10-19,1687.0
2010-10-20,1680.0
2010-10-21,1700.0
2010-10-22,1708.5
2010-10-25,1698.0
2010-10-26,1705.0
2010-10-27,1721.5
2010-10-28,1705.0
2010-10-29,1701.5
2010-11-01,1714.5
2010-11-03,1700.0
2010-11-04,1680.0
2010-11-05,1689.0
2010-11-08,1708.5
2010-11-09,1708.0
2010-11-10,1714.5
2010-11-11,1722.5
2010-11-12,1728.0
2010-11-16,1746.5
2010-11-17,1732.0
2010-11-18,1716.0
2010-11-19,1719.5
2010-11-22,1724.5
2010-11-23,1738.0
2010-11-24,1723.0
2010-11-25,1723.0
2010-11-26,1728.5
2010-11-29,1719.5
2010-11-30,1716.0
2010-12-01,1717.0
2010-12-02,1708.0
2010-12-03,1699.0
2010-12-06,1685.5
2010-12-07,1692.0
2010-12-08,1699.0
2010-12-09,1719.5
2010-12-10,1715.0
2010-12-13,1701.5
2010-12-14,1704.0
2010-12-15,1715.5
2010-12-16,1709.0
2010-12-17,1719.0
2010-12-20,1711.0
2010-12-21,1699.5
2010-12-22,1703.5
2010-12-23,1694.0
2010-12-27,1686.5
2010-12-28,1691.5
2010-12-29,1679.5
2010-12-30,1666.5
2011-01-03,1658.0
2011-01-04,1670.5
2011-01-05,1682.5
2011-01-06,1694.5
2011-01-07,1692.0
2011-01-10,1697.5
2011-01-11,1691.5
2011-01-12,1680.5
2011-01-13,1679.0
2011-01-14,1692.0
2011-01-17,1686.0
2011-01-18,1679.5
2011-01-19,1675.0
2011-01-20,1678.0
2011-01-21,1680.0
2011-01-24,1674.0
2011-01-26,1669.5
2011-01-27,1678.0
2011-01-28,1683.5
2011-01-31,1673.0
2011-02-01,1676.0
2011-02-02,1678.5
2011-02-03,1678.0
2011-02-04,1682.5
2011-02-07,1687.5
2011-02-08,1673.514
2011-02-09,1667.0
2011-02-10,1675.5
2011-02-11,1670.5
2011-02-14,1673.0
2011-02-15,1676.0
2011-02-16,1674.0
2011-02-17,1664.5
2011-02-18,1665.5
2011-02-21,1671.0
2011-02-22,1674.0
2011-02-23,1675.5
2011-02-24,1664.5
2011-02-25,1663.0
2011-02-28,1661.0
2011-03-01,1672.5
2011-03-02,1666.0
2011-03-03,1658.0
2011-03-04,1664.0
2011-03-09,1661.5
2011-03-10,1670.0
2011-03-11,1672.5
2011-03-14,1666.5
2011-03-15,1672.0
2011-03-16,1682.5
2011-03-17,1685.0
2011-03-18,1671.5
2011-03-21,1671.5
2011-03-22,1663.5
2011-03-23,1664.5
2011-03-24,1662.0
2011-03-25,1663.5
2011-03-28,1664.0
2011-03-29,1647.0
2011-03-30,1629.0
2011-03-31,1628.5
2011-04-01,1615.5
2011-04-04,1614.5
2011-04-05,1617.0
2011-04-06,1620.0
2011-04-07,1589.0
2011-04-08,1571.5
2011-04-11,1585.5
2011-04-12,1598.0
2011-04-13,1589.5
2011-04-14,1580.0
2011-04-15,1577.5
2011-04-18,1591.0
2011-04-19,1576.0
2011-04-20,1566.5
2011-04-25,1568.0
2011-04-26,1561.0
2011-04-27,1565.0
2011-04-28,1577.0
2011-04-29,1573.5
2011-05-02,1593.0
2011-05-03,1596.0
2011-05-04,1626.0
2011-05-05,1630.5
2011-05-06,1623.0
2011-05-09,1621.5
2011-05-10,1611.0
2011-05-11,1629.0
2011-05-12,1627.0
2011-05-13,1643.5
2011-05-16,1641.5
2011-05-17,1622.0
2011-05-18,1614.5
2011-05-19,1621.0
2011-05-20,1626.5
2011-05-23,1637.0
2011-05-24,1627.0
2011-05-25,1631.0
2011-05-26,1617.0
2011-05-27,1595.0
2011-05-30,1589.0
2011-05-31,1579.5
2011-06-01,1604.0
2011-06-02,1585.5
2011-06-03,1586.5
2011-06-06,1594.0
2011-06-07,1589.5
2011-06-08,1589.5
2011-06-09,1591.0
2011-06-10,1604.0
2011-06-13,1590.5
2011-06-14,1590.0
2011-06-15,1606.5
2011-06-16,1608.5
2011-06-17,1603.5
2011-06-20,1601.0
2011-06-21,1590.5
2011-06-22,1594.5
2011-06-24,1607.0
2011-06-27,1596.0
2011-06-28,1577.5
2011-06-29,1568.5
2011-06-30,1561.0
2011-07-01,1567.0
2011-07-04,1561.0
2011-07-05,1574.0
2011-07-06,1578.5
2011-07-07,1562.0
2011-07-08,1571.5
2011-07-11,1583.5
2011-07-12,1586.5
2011-07-13,1582.0
2011-07-14,1585.0
2011-07-15,1580.0
2011-07-18,1579.0
2011-07-19,1568.0
2011-07-20,1569.0
2011-07-21,1556.0
2011-07-22,1554.5
2011-07-25,1541.5
2011-07-26,1540.0
2011-07-27,1558.5
2011-07-28,1569.0
2011-07-29,1556.5
2011-08-01,1579.5
2011-08-02,1578.5
2011-08-03,1573.0
2011-08-04,1599.5
2011-08-05,1587.5
2011-08-08,1638.5
2011-08-09,1602.5
2011-08-10,1634.0
2011-08-11,1638.0
2011-08-12,1622.0
2011-08-15,1598.0
2011-08-16,1597.5
2011-08-17,1595.0
2011-08-18,1606.5
2011-08-19,1605.5
2011-08-22,1612.5
2011-08-23,1600.5
2011-08-24,1617.0
2011-08-25,1612.0
2011-08-26,1604.0
2011-08-29,1592.0
2011-08-30,1596.0
2011-08-31,1587.5
2011-09-01,1630.0
2011-09-02,1649.5
2011-09-05,1654.5
2011-09-06,1666.0
2011-09-08,1670.5
2011-09-09,1685.5
2011-09-12,1714.0
2011-09-13,1719.5
2011-09-14,1723.0
2011-09-15,1714.0
2011-09-16,1740.0
2011-09-19,1807.0
2011-09-20,1792.0
2011-09-21,1879.0
2011-09-22,1909.5
2011-09-23,1831.0
2011-09-26,1825.5
2011-09-27,1807.0
2011-09-28,1840.0
2011-09-29,1840.5
2011-09-30,1854.0
2011-10-03,1906.0
2011-10-04,1870.5
2011-10-05,1845.0
2011-10-06,1792.0
2011-10-07,1782.0
2011-10-10,1772.5
2011-10-11,1785.0
2011-10-13,1760.0
2011-10-14,1740.0
2011-10-17,1781.0
2011-10-18,1759.5
2011-10-19,1779.5
2011-10-20,1787.0
2011-10-21,1779.5
2011-10-24,1754.5
2011-10-25,1767.512
2011-10-26,1760.5
2011-10-27,1711.0
2011-10-28,1673.5
2011-10-31,1688.5
2011-11-01,1758.0
2011-11-03,1749.0
2011-11-04,1765.0
2011-11-07,1758.0
2011-11-08,1743.0
2011-11-09,1789.0
2011-11-10,1770.5
2011-11-11,1751.0
2011-11-14,1775.5
2011-11-16,1779.109
2011-11-17,1786.0
2011-11-18,1792.5
2011-11-21,1814.0
2011-11-22,1823.0
2011-11-23,1871.0
2011-11-24,1901.0
2011-11-25,1887.059
2011-11-28,1856.0
2011-11-29,1846.0
2011-11-30,1810.5
2011-12-01,1813.0
2011-12-02,1803.5
2011-12-05,1798.0
2011-12-06,1803.0
2011-12-07,1810.5
2011-12-08,1833.5
2011-12-09,1808.5
2011-12-12,1854.0
2011-12-13,1874.0
2011-12-14,1888.0
2011-12-15,1867.5
2011-12-16,1858.0
2011-12-19,1874.0
2011-12-20,1850.5
2011-12-21,1864.5
2011-12-22,1859.0
2011-12-23,1862.0
2011-12-26,1858.5
2011-12-27,1862.5
2011-12-28,1875.0
2011-12-29,1876.0
2012-01-02,1884.5
2012-01-03,1843.0
2012-01-04,1844.0
2012-01-05,1856.0
2012-01-06,1868.5
2012-01-09,1844.0
2012-01-10,1810.0
2012-01-11,1813.0
2012-01-12,1787.0
2012-01-13,1795.5
2012-01-16,1794.5
2012-01-17,1795.5
2012-01-18,1773.5
2012-01-19,1771.5
2012-01-20,1760.0
2012-01-23,1759.5
2012-01-24,1762.5
2012-01-26,1753.0
2012-01-27,1738.5
2012-01-30,1749.0
2012-01-31,1739.5
2012-02-01,1747.0
2012-02-02,1731.0
2012-02-03,1728.5
2012-02-06,1735.5
2012-02-07,1729.665
2012-02-08,1730.5
2012-02-09,1724.5
2012-02-10,1730.0
2012-02-13,1724.0
2012-02-14,1730.5
2012-02-15,1734.5
2012-02-16,1722.0
2012-02-17,1717.86
2012-02-22,1709.0
2012-02-23,1716.5
2012-02-24,1711.0
2012-02-27,1708.5
2012-02-28,1696.0
2012-02-29,1709.0
2012-03-01,1727.0
2012-03-02,1737.615
2012-03-05,1751.0
2012-03-06,1770.0
2012-03-07,1778.0
2012-03-08,1771.0
2012-03-09,1801.5
2012-03-12,1806.5
2012-03-13,1802.0
2012-03-14,1816.0
2012-03-15,1807.5
2012-03-16,1809.0
2012-03-19,1827.5
2012-03-20,1820.5
2012-03-21,1824.0
2012-03-22,1825.0
2012-03-23,1815.0
2012-03-26,1820.5
2012-03-27,1824.0
2012-03-28,1827.0
2012-03-29,1823.5
2012-03-30,1822.0
2012-04-02,1845.0
2012-04-03,1836.0
2012-04-04,1836.5
2012-04-05,1834.5
2012-04-09,1825.5
2012-04-10,1842.0
2012-04-11,1843.5
2012-04-12,1834.0
2012-04-13,1843.5
2012-04-16,1854.0
2012-04-17,1866.0
2012-04-18,1883.0
2012-04-19,1885.0
2012-04-20,1876.0
2012-04-23,1882.0
2012-04-24,1880.5
2012-04-25,1883.0
2012-04-26,1886.5
2012-04-27,1889.5
2012-04-30,1891.5
2012-05-02,1936.0
2012-05-03,1920.0
2012-05-04,1938.5
2012-05-07,1930.0
2012-05-08,1951.0
2012-05-09,1981.0
2012-05-10,1962.0
2012-05-11,1975.0
2012-05-14,2003.5
2012-05-15,2009.5
2012-05-16,2007.0
2012-05-17,2000.104
2012-05-18,2027.0
2012-05-21,2046.5
2012-05-22,2095.5
2012-05-23,2034.5
2012-05-24,2030.5
2012-05-25,1986.0
2012-05-28,1984.5
2012-05-29,1993.5
2012-05-30,2017.5
2012-05-31,2022.0
2012-06-01,2050.5
2012-06-04,2067.5
2012-06-05,2035.0
2012-06-06,2042.0
2012-06-08,2029.5
2012-06-11,2073.5
2012-06-12,2075.5
2012-06-13,2079.0
2012-06-14,2063.5
2012-06-15,2054.0
2012-06-18,2064.0
2012-06-19,2032.5
2012-06-20,2030.0
2012-06-21,2066.5
2012-06-22,2069.5
2012-06-25,2064.5
2012-06-26,2077.5
2012-06-27,2078.5
2012-06-28,2077.0
2012-06-29,2021.0
2012-07-02,1996.0
2012-07-03,2026.0
2012-07-04,2039.0
2012-07-05,2029.5
2012-07-06,2043.874
2012-07-10,2042.5
2012-07-11,2044.0
2012-07-12,2044.5
2012-07-13,2043.0
2012-07-16,2040.5
2012-07-17,2025.5
2012-07-18,2027.0
2012-07-19,2017.0
2012-07-20,2027.0
2012-07-23,2042.0
2012-07-24,2050.0
2012-07-25,2035.0
2012-07-26,2022.5
2012-07-27,2022.5
2012-07-30,2042.0
2012-07-31,2049.5
2012-08-01,2057.0
2012-08-02,2061.5
2012-08-03,2040.0
2012-08-06,2041.5
2012-08-07,2039.0
2012-08-08,2031.0
2012-08-09,2026.028
2012-08-10,2024.5
2012-08-13,2029.5
2012-08-14,2034.5
2012-08-15,2029.5
2012-08-16,2023.5
2012-08-17,2022.0
2012-08-20,2022.5
2012-08-21,2021.0
2012-08-22,2021.0
2012-08-23,2028.5
2012-08-24,2031.0
2012-08-27,2037.0
2012-08-28,2047.0
2012-08-29,2052.5
2012-08-30,2050.0
2012-08-31,2037.5
2012-09-03,2041.5
2012-09-04,2051.0
2012-09-05,2047.5
2012-09-06,2036.5
2012-09-10,2029.5
2012-09-11,2023.5
2012-09-12,2033.0
2012-09-13,2027.5
2012-09-14,2017.0
2012-09-17,2037.5
2012-09-18,2027.5
2012-09-19,2028.5
2012-09-20,2025.0
2012-09-21,2026.0
2012-09-24,2029.0
2012-09-25,2032.0
2012-09-26,2036.5
2012-09-27,2030.0
2012-09-28,2030.5
2012-10-01,2036.5
2012-10-02,2035.5
2012-10-03,2032.0
2012-10-04,2027.5
2012-10-05,2038.0
2012-10-08,2037.5
2012-10-09,2043.5
2012-10-10,2049.0
2012-10-11,2049.0
2012-10-15,2041.5
2012-10-16,2039.0
2012-10-17,2037.0
2012-10-18,2031.0
2012-10-19,2031.0
2012-10-22,2028.0
2012-10-23,2030.0
2012-10-24,2028.0
2012-10-25,2026.5
2012-10-26,2029.0
2012-10-29,2034.0
2012-10-30,2031.0
2012-10-31,2031.5
2012-11-01,2039.0
2012-11-05,2043.0
2012-11-06,2040.0
2012-11-07,2041.5
2012-11-08,2046.5
2012-11-09,2052.5
2012-11-12,2057.5
2012-11-13,2064.0
2012-11-14,2071.5
2012-11-16,2089.0
2012-11-19,2085.5
2012-11-20,
2012-11-21,2102.0
2012-11-22,2108.0
2012-11-23,2084.0
2012-11-26,2082.5
2012-11-27,2085.5
2012-11-28,2094.5
2012-11-29,2099.0
2012-11-30,2107.5
2012-12-03,2132.0
2012-12-04,2128.5
2012-12-05,2096.0
2012-12-06,2084.0
2012-12-07,2082.0
2012-12-10,2083.0
2012-12-11,2084.5
2012-12-12,2077.0
2012-12-13,2089.5
2012-12-14,2088.5
2012-12-17,2103.0
2012-12-18,2093.0
2012-12-19,2074.0
2012-12-20,2071.0
2012-12-21,2078.5
2012-12-26,2049.5
2012-12-27,2043.0
2012-12-28,2044.0
2013-01-02,2054.5
2013-01-03,2055.0
2013-01-04,2042.0
2013-01-07,2036.0
2013-01-08,2049.5
2013-01-09,2047.5
2013-01-10,2036.0
2013-01-11,2040.5
2013-01-14,2038.5
2013-01-15,2042.0
2013-01-16,2048.0
2013-01-17,2043.5
2013-01-18,2045.0
2013-01-21,2044.5
2013-01-22,2046.0
2013-01-23,2037.5
2013-01-24,2033.5
2013-01-28,1996.5
2013-01-29,1986.5
2013-01-30,1989.5
2013-01-31,1988.0
2013-02-01,1995.0
2013-02-04,2002.5
2013-02-05,1991.5
2013-02-06,1997.0
2013-02-07,1973.0
2013-02-08,1978.5
2013-02-13,1969.5
2013-02-14,1961.0
2013-02-15,1972.0
2013-02-18,1966.5
2013-02-19,1957.0
2013-02-20,1963.5
2013-02-21,1975.0
2013-02-22,1974.0
2013-02-25,1984.0
2013-02-26,1984.0
2013-02-27,1973.5
2013-02-28,1975.5
2013-03-01,1988.5
2013-03-04,1979.0
2013-03-05,1972.0
2013-03-06,1977.5
2013-03-07,1966.0
2013-03-08,1952.0
2013-03-11,1964.0
2013-03-12,1971.0
2013-03-13,1976.5
2013-03-14,1976.0
2013-03-15,1988.0
2013-03-18,1987.0
2013-03-19,1988.5
2013-03-20,1993.0
2013-03-21,2011.0
2013-03-22,2011.0
2013-03-25,2014.5
2013-03-26,2018.5
2013-03-27,2011.0
2013-03-28,2014.0
2013-04-01,2029.5
2013-04-02,2028.5
2013-04-03,2032.5
2013-04-04,2022.5
2013-04-05,1995.5
2013-04-08,1999.5
2013-04-09,1989.0
2013-04-10,1981.0
2013-04-11,1982.0
2013-04-12,1975.0
2013-04-15,2006.0
2013-04-16,1992.0
2013-04-17,2005.5
2013-04-18,2023.0
2013-04-19,2014.0
2013-04-22,2023.5
2013-04-23,2027.5
2013-04-24,2013.0
2013-04-25,2003.5
2013-04-26,2000.5
2013-04-29,2009.5
2013-04-30,2001.5
2013-05-02,2019.5
2013-05-03,2018.5
2013-05-06,2019.5
2013-05-07,2016.5
2013-05-08,2013.5
2013-05-09,2021.5
2013-05-10,2028.0
2013-05-13,2015.5
2013-05-14,2027.5
2013-05-15,2028.5
2013-05-16,2033.0
2013-05-17,2041.0
2013-05-20,2044.5
2013-05-21,2046.0
2013-05-22,2053.0
2013-05-23,2047.5
2013-05-24,2055.0
2013-05-27,2059.5
2013-05-28,2078.0
2013-05-29,2111.0
2013-05-30,
2013-05-31,2131.5
2013-06-03,2136.0
2013-06-04,2138.5
2013-06-05,2141.0
2013-06-06,2141.0
2013-06-07,2141.5
2013-06-10,2155.5
2013-06-11,2141.0
2013-06-12,2163.0
2013-06-13,2126.5
2013-06-14,2157.0
2013-06-17,2175.5
2013-06-18,2187.0
2013-06-19,2200.847
2013-06-20,2263.0
2013-06-21,2246.0
2013-06-24,2229.5
2013-06-25,2216.0
2013-06-26,2188.5
2013-06-27,2200.0
2013-06-28,2215.5
2013-07-01,2243.5
2013-07-02,2269.0
2013-07-03,2282.0
2013-07-04,2262.5
2013-07-05,2266.0
2013-07-08,2276.0
2013-07-10,2275.0
2013-07-11,2265.0
2013-07-12,2277.0
2013-07-15,2229.0
2013-07-16,2261.0
2013-07-17,2232.5
2013-07-18,2234.0
2013-07-19,2252.5
2013-07-22,2238.5
2013-07-23,2218.0
2013-07-24,2256.0
2013-07-25,2246.0
2013-07-26,2259.0
2013-07-29,2272.0
2013-07-30,2284.5
2013-07-31,2290.5
2013-08-01,2319.0
2013-08-02,2304.0
2013-08-05,2320.0
2013-08-06,2313.5
2013-08-07,2326.0
2013-08-08,2295.5
2013-08-09,2283.0
2013-08-12,2297.5
2013-08-13,2324.0
2013-08-14,2333.5
2013-08-15,2350.0
2013-08-16,2401.5
2013-08-19,2421.0
2013-08-20,2401.0
2013-08-21,2459.0
2013-08-22,2442.0
2013-08-23,2353.0
2013-08-26,2383.5
2013-08-27,2375.0
2013-08-28,2348.5
2013-08-29,2360.5
2013-08-30,2372.0
2013-09-02,2392.5
2013-09-03,2373.0
2013-09-04,2373.5
2013-09-05,2336.097
2013-09-06,2317.5
2013-09-09,2288.0
2013-09-10,2294.0
2013-09-11,2286.5
2013-09-12,2284.346
2013-09-13,2289.0
2013-09-16,2292.0
2013-09-17,2263.0
2013-09-18,2192.5
2013-09-19,2207.0
2013-09-20,2215.0
2013-09-23,2202.0
2013-09-24,2204.5
2013-09-25,2234.5
2013-09-26,2248.5
2013-09-27,2252.5
2013-09-30,2230.0
2013-10-01,2233.0
2013-10-02,2208.0
2013-10-03,2223.0
2013-10-04,2227.0
2013-10-07,2218.0
2013-10-08,2224.5
2013-10-09,2219.0
2013-10-10,2190.0
2013-10-11,2185.0
2013-10-14,2191.5
2013-10-15,2187.0
2013-10-16,2189.5
2013-10-17,2160.5
2013-10-18,2175.5
2013-10-21,2181.5
2013-10-22,2178.0
2013-10-23,2196.0
2013-10-24,2209.0
2013-10-25,2191.5
2013-10-28,2181.0
2013-10-29,2187.0
2013-10-30,2191.0
2013-10-31,2202.5
2013-11-01,2267.0
2013-11-04,2261.0
2013-11-05,2303.0
2013-11-06,2301.0
2013-11-07,2317.5
2013-11-08,2324.5
2013-11-11,2341.5
2013-11-12,2342.0
2013-11-13,2342.5
2013-11-14,2322.0
2013-11-18,2271.5
2013-11-19,2278.0
2013-11-21,2311.0
2013-11-22,2283.5
2013-11-25,2293.5
2013-11-26,2297.0
2013-11-27,2331.5
2013-11-28,2319.0
2013-11-29,2324.5
2013-12-02,2370.0
2013-12-03,2384.0
2013-12-04,2406.0
2013-12-05,2371.0
2013-12-06,2344.5
2013-12-09,2330.0
2013-12-10,2318.0
2013-12-11,2352.0
2013-12-12,2344.5
2013-12-13,2339.0
2013-12-16,2337.0
2013-12-17,2326.5
2013-12-18,2338.0
2013-12-19,2363.0
2013-12-20,2392.0
2013-12-23,2361.0
2013-12-26,2356.0
2013-12-27,2340.0
2013-12-30,2342.5
2014-01-02,2405.5
2014-01-03,2394.5
2014-01-06,2397.0
2014-01-07,2388.5
2014-01-08,2411.5
2014-01-09,2405.0
2014-01-10,2373.5
2014-01-13,2370.0
2014-01-14,2362.0
2014-01-15,2371.0
2014-01-16,2370.5
2014-01-17,2351.5
2014-01-20,2352.0
2014-01-21,2368.0
2014-01-22,2380.0
2014-01-23,2405.5
2014-01-24,2404.5
2014-01-27,2427.5
2014-01-28,2425.0
2014-01-29,2439.5
2014-01-30,2411.0
2014-01-31,2426.5
2014-02-03,2458.0
2014-02-04,2422.0
2014-02-05,2420.0
2014-02-06,2397.0
2014-02-07,2394.0
2014-02-10,2423.0
2014-02-11,2413.0
2014-02-12,2437.5
2014-02-13,2404.0
2014-02-14,2398.0
2014-02-17,2399.0
2014-02-18,2404.0
2014-02-19,2400.5
2014-02-20,2376.5
2014-02-21,2350.5
2014-02-24,2345.5
2014-02-25,2345.0
2014-02-26,2351.0
2014-02-27,2320.0
2014-02-28,2333.0
2014-03-05,2334.5
2014-03-06,2339.5
2014-03-07,2356.0
2014-03-10,2365.0
2014-03-11,2378.0
2014-03-12,2368.5
2014-03-13,2376.0
2014-03-14,2357.5
2014-03-17,2359.0
2014-03-18,2343.0
2014-03-19,2356.0
2014-03-20,2335.5
2014-03-21,2330.5
2014-03-24,2329.0
2014-03-25,2316.0
2014-03-26,2306.0
2014-03-27,2262.0
2014-03-28,2263.5
2014-03-31,2263.0
2014-04-01,2278.5
2014-04-02,2285.0
2014-04-03,2295.5
2014-04-04,2251.0
2014-04-07,2233.0
2014-04-08,2215.0
2014-04-09,2199.5
2014-04-10,2218.0
2014-04-11,2228.0
2014-04-14,2224.0
2014-04-15,2242.0
2014-04-16,2251.5
2014-04-17,2244.5
2014-04-22,2245.0
2014-04-23,2227.0
2014-04-24,2217.0
2014-04-25,2248.0
2014-04-28,2225.5
2014-04-29,2238.0
2014-04-30,2235.5
2014-05-02,2238.5
2014-05-05,2262.5
2014-05-06,2247.5
2014-05-07,2233.0
2014-05-08,2230.5
2014-05-09,2226.5
2014-05-12,2227.5
2014-05-13,2226.0
2014-05-14,2213.0
2014-05-15,2228.0
2014-05-16,2224.5
2014-05-19,2215.0
2014-05-20,2223.0
2014-05-21,2214.5
2014-05-22,2220.0
2014-05-23,2226.5
2014-05-26,2228.0
2014-05-27,2241.0
2014-05-28,2235.0
2014-05-29,2226.0
2014-05-30,2239.0
2014-06-02,2294.0
2014-06-03,2297.5
2014-06-04,2294.0
2014-06-05,2276.5
2014-06-06,2262.5
2014-06-09,2242.5
2014-06-10,2234.0
2014-06-11,2244.0
2014-06-13,2233.0
2014-06-16,2244.0
2014-06-17,2269.5
2014-06-18,2234.5
2014-06-20,2235.0
2014-06-23,2222.5
2014-06-24,2228.5
2014-06-25,2210.5
2014-06-26,2199.0
2014-06-27,2194.5
2014-06-30,2202.5
2014-07-01,2221.0
2014-07-02,2242.5
2014-07-03,2227.0
2014-07-04,2230.5
2014-07-07,2241.5
2014-07-08,2229.5
2014-07-10,2234.5
2014-07-11,2233.0
2014-07-14,2221.5
2014-07-15,2229.0
2014-07-16,2233.0
2014-07-17,2267.0
2014-07-18,2235.5
2014-07-21,2228.5
2014-07-22,2219.0
2014-07-23,2224.0
2014-07-24,2227.0
2014-07-25,2234.0
2014-07-28,2225.0
2014-07-29,2234.0
2014-07-30,2247.0
2014-07-31,2267.5
2014-08-01,2275.5
2014-08-04,2277.0
2014-08-05,2298.5
2014-08-06,2290.5
2014-08-07,2312.5
2014-08-08,2297.5
2014-08-11,2289.5
2014-08-12,2290.0
2014-08-13,2292.5
2014-08-14,2278.0
2014-08-15,2269.0
2014-08-18,2267.0
2014-08-19,2255.0
2014-08-20,2269.5
2014-08-21,2275.5
2014-08-22,2283.0
2014-08-25,2292.0
2014-08-26,2265.5
2014-08-27,2250.0
2014-08-28,2241.0
2014-08-29,2239.5
2014-09-01,2264.0
2014-09-02,2259.5
2014-09-03,2253.5
2014-09-04,2259.5
2014-09-05,2258.0
2014-09-08,2282.0
2014-09-09,2298.0
2014-09-10,2302.0
2014-09-11,2310.0
2014-09-12,2350.0
2014-09-15,2353.0
2014-09-16,2346.0
2014-09-17,2367.0
2014-09-18,2373.0
2014-09-19,2374.5
2014-09-22,2404.5
2014-09-23,2417.0
2014-09-24,2387.0
2014-09-25,2430.0
2014-09-26,2423.5
2014-09-29,2451.5
2014-09-30,2450.5
2014-10-01,2502.0
2014-10-02,2516.0
2014-10-03,2477.0
2014-10-06,2444.5
2014-10-07,2413.0
2014-10-08,2393.0
2014-10-09,2412.0
2014-10-10,2439.0
2014-10-13,2405.0
2014-10-14,2410.0
2014-10-15,2469.0
2014-10-16,2480.0
2014-10-17,2444.0
2014-10-20,2474.5
2014-10-21,2489.5
2014-10-22,2493.5
2014-10-23,2504.0
2014-10-24,2487.0
2014-10-27,2526.5
2014-10-28,2463.5
2014-10-29,2463.5
2014-10-30,2405.0
2014-10-31,2444.0
2014-11-03,2515.5
2014-11-04,2515.0
2014-11-05,2526.5
2014-11-06,2586.0
2014-11-07,2574.0
2014-11-10,2566.0
2014-11-11,2571.0
2014-11-12,2580.0
2014-11-13,2601.0
2014-11-14,2613.0
2014-11-17,2619.0
2014-11-18,2590.5
2014-11-19,2578.0
2014-11-21,2519.0
2014-11-24,2550.0
2014-11-25,2532.5
2014-11-26,2502.5
2014-11-27,2531.5
2014-11-28,2560.5
2014-12-01,2581.0
2014-12-02,2589.0
2014-12-03,2571.5
2014-12-04,2609.5
2014-12-05,2604.0
2014-12-08,2618.0
2014-12-09,2611.5
2014-12-10,2631.0
2014-12-11,2660.5
2014-12-12,2666.0
2014-12-15,2707.0
2014-12-16,2748.0
2014-12-17,2724.0
2014-12-18,2668.5
2014-12-19,2665.0
2014-12-22,2670.0
2014-12-23,2699.0
2014-12-26,2669.0
2014-12-29,2706.0
2014-12-30,2656.0
2015-01-02,2718.0
2015-01-05,2725.0
2015-01-06,2719.5
2015-01-07,2701.0
2015-01-08,2681.5
2015-01-09,2647.0
2015-01-12,2689.5
2015-01-13,2659.5
2015-01-14,2629.0
2015-01-15,2653.5
2015-01-16,2631.5
2015-01-19,2662.0
2015-01-20,2622.0
2015-01-21,2608.5
2015-01-22,2580.5
2015-01-23,2586.0
2015-01-26,2588.5
2015-01-27,2576.0
2015-01-28,2579.0
2015-01-29,2606.0
2015-01-30,2662.0
2015-02-02,2746.0
2015-02-03,2713.5
2015-02-04,2759.5
2015-02-05,2762.0
2015-02-06,2798.5
2015-02-09,2785.0
2015-02-10,2846.0
2015-02-11,2882.0
2015-02-12,2835.0
2015-02-13,2844.5
2015-02-18,2844.0
2015-02-19,2876.0
2015-02-20,2875.0
2015-02-23,2884.0
2015-02-24,2833.0
2015-02-25,2876.0
2015-02-26,2906.0
2015-02-27,2878.5
2015-03-02,2923.5
2015-03-03,2956.0
2015-03-04,3002.0
2015-03-05,3024.5
2015-03-06,3084.5
2015-03-09,3145.0
2015-03-10,3120.0
2015-03-11,3144.5
2015-03-12,3186.0
2015-03-13,3267.0
2015-03-16,3264.0
2015-03-17,3254.0
2015-03-18,3224.5
2015-03-19,3304.5
2015-03-20,3244.0
2015-03-23,3145.0
2015-03-24,3147.0
2015-03-25,3207.5
2015-03-26,3186.5
2015-03-27,3253.0
2015-03-30,3233.0
2015-03-31,3208.5
2015-04-01,3193.0
2015-04-02,3155.0
2015-04-06,3149.5
2015-04-07,3152.0
2015-04-08,3071.5
2015-04-09,3078.0
2015-04-10,3094.0
2015-04-13,3138.0
2015-04-14,3080.0
2015-04-15,3044.5
2015-04-16,3035.0
2015-04-17,3057.5
2015-04-20,3045.0
2015-04-22,3022.0
2015-04-23,2980.0
2015-04-24,2957.0
2015-04-27,2921.5
2015-04-28,2944.0
2015-04-29,2964.0
2015-04-30,2993.5
2015-05-04,3119.5
2015-05-05,3084.0
2015-05-06,3058.5
2015-05-07,3049.5
2015-05-08,2995.5
2015-05-11,3079.5
2015-05-12,3041.5
2015-05-13,3057.5
2015-05-14,3010.0
2015-05-15,3015.0
2015-05-18,3022.5
2015-05-19,3053.0
2015-05-20,3014.5
2015-05-21,3049.0
2015-05-22,3103.0
2015-05-25,3102.5
2015-05-26,3159.0
2015-05-27,3143.0
2015-05-28,3164.0
2015-05-29,3178.5
2015-06-01,3201.0
2015-06-02,3161.5
2015-06-03,3164.0
2015-06-05,3171.0
2015-06-08,3141.0
2015-06-09,3121.0
2015-06-10,3139.5
2015-06-11,3110.5
2015-06-12,3143.0
2015-06-15,3143.5
2015-06-16,3106.0
2015-06-17,3071.5
2015-06-18,3073.5
2015-06-19,3107.5
2015-06-22,3089.0
2015-06-23,3084.5
2015-06-24,3105.5
2015-06-25,3133.5
2015-06-26,3134.0
2015-06-29,3122.5
2015-06-30,3102.5
2015-07-01,3183.5
2015-07-02,3130.0
2015-07-03,3164.5
2015-07-06,3168.0
2015-07-07,3215.0
2015-07-08,3261.0
2015-07-10,3182.5
2015-07-13,3158.0
2015-07-14,3158.5
2015-07-15,3156.5
2015-07-16,3176.0
2015-07-17,3204.0
2015-07-20,3212.5
2015-07-21,3185.0
2015-07-22,3235.5
2015-07-23,3298.5
2015-07-24,3365.0
2015-07-27,3369.0
2015-07-28,3361.0
2015-07-29,3335.0
2015-07-30,3378.0
2015-07-31,3393.5
2015-08-03,3484.0
2015-08-04,3502.0
2015-08-05,3515.0
2015-08-06,3568.5
2015-08-07,3535.0
2015-08-10,3460.5
2015-08-11,3506.5
2015-08-12,3503.5
2015-08-13,3539.5
2015-08-14,3505.0
2015-08-17,3498.0
2015-08-18,3482.5
2015-08-19,3508.0
2015-08-20,3468.5
2015-08-21,3510.0
2015-08-24,3560.0
2015-08-25,3624.5
2015-08-26,3602.0
2015-08-27,3558.0
2015-08-28,3582.5
2015-08-31,3646.5
2015-09-01,3734.0
2015-09-02,3794.0
2015-09-03,3774.0
2015-09-04,3885.0
2015-09-08,3849.5
2015-09-09,3807.5
2015-09-10,3878.0
2015-09-11,3896.0
2015-09-14,3837.5
2015-09-15,3885.0
2015-09-16,3849.0
2015-09-17,3918.5
2015-09-18,3962.5
2015-09-21,4000.0
2015-09-22,4061.0
2015-09-23,4190.0
2015-09-24,3946.5
2015-09-25,3985.0
2015-09-28,4120.0
2015-09-29,4066.5
2015-09-30,3972.5
2015-10-01,4047.5
2015-10-02,3975.0
2015-10-05,3947.0
2015-10-06,3887.0
2015-10-07,3916.0
2015-10-08,3813.5
2015-10-09,3794.0
2015-10-13,3919.0
2015-10-14,3837.5
2015-10-15,3827.0
2015-10-16,3937.5
2015-10-19,3905.5
2015-10-20,3922.5
2015-10-21,3954.5
2015-10-22,3920.0
2015-10-23,3891.0
2015-10-26,3916.5
2015-10-27,3896.5
2015-10-28,3909.0
2015-10-29,3852.0
2015-10-30,3858.5
2015-11-03,3801.0
2015-11-04,3829.5
2015-11-05,3810.0
2015-11-06,3800.0
2015-11-09,3822.0
2015-11-10,3770.0
2015-11-11,3785.0
2015-11-12,3794.5
2015-11-13,3866.5
2015-11-16,3838.0
2015-11-17,3829.5
2015-11-18,3780.0
2015-11-19,3730.5
2015-11-23,3742.0
2015-11-24,3703.0
2015-11-25,3748.0
2015-11-26,3748.5
2015-11-27,3850.0
2015-11-30,3851.0
2015-12-01,3893.0
2015-12-02,3870.0
2015-12-03,3793.5
2015-12-04,3785.5
2015-12-07,3797.5
2015-12-08,3820.0
2015-12-09,3770.5
2015-12-10,3837.0
2015-12-11,3894.0
2015-12-14,3901.0
2015-12-15,3890.0
2015-12-16,3898.0
2015-12-17,3892.5
2015-12-18,3998.0
2015-12-21,4023.5
2015-12-22,3998.5
2015-12-23,3953.0
2015-12-28,3866.5
2015-12-29,3866.0
2015-12-30,3905.0
2016-01-04,4073.5
2016-01-05,4044.0
2016-01-06,4062.5
2016-01-07,4076.5
2016-01-08,4051.0
2016-01-11,4085.5
2016-01-12,4052.0
2016-01-13,4035.0
2016-01-14,4016.5
2016-01-15,4065.5
2016-01-18,4054.0
2016-01-19,4079.0
2016-01-20,4112.5
2016-01-21,4172.0
2016-01-22,4106.0
2016-01-26,4058.5
2016-01-27,4110.5
2016-01-28,4077.0
2016-01-29,4043.0
2016-02-01,3996.5
2016-02-02,4019.5
2016-02-03,3924.0
2016-02-04,3918.0
2016-02-05,3930.0
2016-02-10,3954.0
2016-02-11,4022.0
2016-02-12,4021.0
2016-02-15,4013.5
2016-02-16,4090.0
2016-02-17,3998.0
2016-02-18,4048.0
2016-02-19,4035.5
2016-02-22,3953.0
2016-02-23,3963.5
2016-02-24,3955.0
2016-02-25,3960.0
2016-02-26,3997.0
2016-02-29,3979.5
2016-03-01,3959.0
2016-03-02,3925.5
2016-03-03,3827.0
2016-03-04,3790.0
2016-03-07,3802.5
2016-03-08,3778.5
2016-03-09,3700.5
2016-03-10,3636.0
2016-03-11,3605.0
2016-03-14,3680.5
2016-03-15,3788.0
2016-03-16,3757.0
2016-03-17,3637.0
2016-03-18,3635.0
2016-03-21,3625.5
2016-03-22,3587.5
2016-03-23,3692.5
2016-03-24,3682.0
2016-03-28,3632.5
2016-03-29,3641.0
2016-03-30,3611.5
2016-03-31,3559.0
2016-04-01,3584.0
2016-04-04,3649.0
2016-04-05,3708.5
2016-04-06,3670.0
2016-04-07,3717.0
2016-04-08,3615.0
2016-04-11,3511.0
2016-04-12,3512.0
2016-04-13,3516.5
2016-04-14,3501.5
2016-04-15,3546.5
2016-04-18,3628.0
2016-04-19,3542.0
2016-04-20,3539.0
2016-04-22,3581.5
2016-04-25,3565.5
2016-04-26,3535.0
2016-04-27,3530.5
2016-04-28,3490.5
2016-04-29,3450.5
2016-05-02,3533.0
2016-05-03,3586.5
2016-05-04,3574.5
2016-05-05,3566.0
2016-05-06,3525.0
2016-05-09,3540.0
2016-05-10,3498.5
2016-05-11,3474.5
2016-05-12,3505.0
2016-05-13,3551.5
2016-05-16,3517.0
2016-05-17,3507.5
2016-05-18,3582.0
2016-05-19,3577.0
2016-05-20,3529.5
2016-05-23,3580.0
2016-05-24,3576.5
2016-05-25,3586.5
2016-05-27,3606.0
2016-05-30,3573.5
2016-05-31,3595.5
2016-06-01,3638.0
2016-06-02,3624.0
2016-06-03,3554.5
2016-06-06,3518.0
2016-06-07,3466.0
2016-06-08,3386.0
2016-06-09,3423.5
2016-06-10,3438.5
2016-06-13,3497.0
2016-06-14,3496.0
2016-06-15,3489.5
2016-06-16,3478.5
2016-06-17,3427.0
2016-06-20,3404.5
2016-06-21,3424.0
2016-06-22,3386.5
2016-06-23,3345.0
2016-06-24,3380.0
2016-06-27,3397.0
2016-06-28,3305.0
2016-06-29,3225.5
2016-06-30,3209.5
2016-07-01,3264.5
2016-07-04,3297.5
2016-07-05,3329.5
2016-07-06,3355.0
2016-07-07,3391.5
2016-07-08,3318.5
2016-07-11,3330.5
2016-07-12,3314.5
2016-07-13,3282.0
2016-07-14,3266.5
2016-07-15,3297.0
2016-07-18,3266.5
2016-07-19,3261.0
2016-07-20,3268.0
2016-07-21,3283.0
2016-07-22,3264.0
2016-07-25,3297.0
2016-07-26,3280.5
2016-07-27,3266.5
2016-07-28,3290.0
2016-07-29,3239.0
2016-08-01,3298.0
2016-08-02,3289.5
2016-08-03,3268.5
2016-08-04,3220.5
2016-08-05,3191.0
2016-08-08,3200.5
2016-08-09,3170.0
2016-08-10,3149.0
2016-08-11,3164.0
2016-08-12,3212.5
2016-08-15,3204.0
2016-08-16,3215.5
2016-08-17,3219.0
2016-08-18,3252.5
2016-08-19,3218.5
2016-08-22,3213.0
2016-08-23,3242.0
2016-08-24,3233.0
2016-08-25,3242.0
2016-08-26,3271.0
2016-08-29,3232.0
2016-08-30,3243.0
2016-08-31,3240.5
2016-09-01,3286.0
2016-09-02,3284.0
2016-09-05,3308.0
2016-09-06,3221.0
2016-09-08,3231.0
2016-09-09,3290.0
2016-09-12,3263.5
2016-09-13,3330.0
2016-09-14,3360.0
2016-09-15,3320.0
2016-09-16,3277.5
2016-09-19,3285.5
2016-09-20,3266.5
2016-09-21,3213.0
2016-09-22,3227.5
2016-09-23,3250.0
2016-09-26,3244.5
2016-09-27,3235.5
2016-09-28,3216.0
2016-09-29,3259.0
2016-09-30,3246.5
2016-10-03,3237.5
2016-10-04,3285.0
2016-10-05,3245.0
2016-10-06,3247.5
2016-10-07,3241.0
2016-10-10,3222.5
2016-10-11,3213.5
2016-10-13,3193.5
2016-10-14,3215.0
2016-10-17,3212.5
2016-10-18,3194.5
2016-10-19,3177.0
2016-10-20,3150.0
2016-10-21,3156.5
2016-10-24,3130.0
2016-10-25,3120.5
2016-10-26,3142.5
2016-10-27,3176.0
2016-10-28,3206.0
2016-10-31,3181.5
2016-11-01,3263.5
2016-11-03,3264.0
2016-11-04,3259.0
2016-11-07,3224.0
2016-11-08,3188.0
2016-11-09,3233.5
2016-11-10,3401.0
2016-11-11,3410.0
2016-11-14,3450.0
2016-11-16,3436.5
2016-11-17,3434.0
2016-11-18,3397.0
2016-11-21,3364.0
2016-11-22,3366.0
2016-11-23,3396.0
2016-11-24,3398.0
2016-11-25,3419.0
2016-11-28,3386.0
2016-11-29,3400.5
2016-11-30,3396.5
2016-12-01,3498.5
2016-12-02,3506.0
2016-12-05,3449.0
2016-12-06,3435.0
2016-12-07,3407.5
2016-12-08,3397.0
2016-12-09,3400.5
2016-12-12,3358.0
2016-12-13,3354.0
2016-12-14,3384.0
2016-12-15,3384.5
2016-12-16,3405.5
2016-12-19,3374.5
2016-12-20,3360.0
2016-12-21,3336.0
2016-12-22,3294.0
2016-12-23,3277.0
2016-12-26,3284.0
2016-12-27,3275.0
2016-12-28,3285.0
2016-12-29,3259.0
2017-01-02,3314.5
2017-01-03,3289.0
2017-01-04,3241.5
2017-01-05,3224.0
2017-01-06,3246.5
2017-01-09,3219.0
2017-01-10,3213.5
2017-01-11,3220.0
2017-01-12,3203.0
2017-01-13,3237.5
2017-01-16,3258.5
2017-01-17,3225.0
2017-01-18,3244.5
2017-01-19,3207.0
2017-01-20,3179.0
2017-01-23,3171.5
2017-01-24,3177.0
2017-01-26,3182.0
2017-01-27,3144.5
2017-01-30,3126.5
2017-01-31,3127.0
2017-02-01,3150.0
2017-02-02,3144.0
2017-02-03,3136.5
2017-02-06,3134.0
2017-02-07,3137.0
2017-02-08,3133.0
2017-02-09,3145.0
2017-02-10,3124.0
2017-02-13,3123.5
2017-02-14,3095.5
2017-02-15,3065.0
2017-02-16,3095.0
2017-02-17,3107.0
2017-02-20,3093.0
2017-02-21,3100.0
2017-02-22,3068.5
2017-02-23,3063.0
2017-02-24,3099.0
2017-03-01,3117.5
2017-03-02,3182.5
2017-03-03,3141.5
2017-03-06,3161.0
2017-03-07,3142.0
2017-03-08,3183.5
2017-03-09,3213.5
2017-03-10,3159.5
2017-03-13,3171.0
2017-03-14,3185.0
2017-03-15,3120.0
2017-03-16,3134.5
2017-03-17,3104.0
2017-03-20,3084.0
2017-03-21,3098.5
2017-03-22,3095.5
2017-03-23,3148.0
2017-03-24,3114.0
2017-03-27,3132.0
2017-03-28,3143.5
2017-03-29,3123.0
2017-03-30,3151.0
2017-03-31,3168.0
2017-04-03,3134.0
2017-04-04,3110.0
2017-04-05,3137.5
2017-04-06,3159.0
2017-04-07,3162.5
2017-04-10,3145.0
2017-04-11,3150.5
2017-04-12,3137.0
2017-04-13,3154.5
2017-04-17,3106.5
2017-04-18,3115.0
2017-04-19,3157.0
2017-04-20,3154.5
2017-04-24,3133.0
2017-04-25,3150.0
2017-04-26,3175.0
2017-04-27,3183.5
2017-04-28,3198.5
2017-05-02,3176.5
2017-05-03,3187.0
2017-05-04,3210.5
2017-05-05,3196.0
2017-05-08,3217.5
2017-05-09,3210.0
2017-05-10,3184.5
2017-05-11,3156.5
2017-05-12,3136.5
2017-05-15,3125.0
2017-05-16,3107.5
2017-05-17,3146.5
2017-05-18,3380.0
2017-05-19,3263.5
2017-05-22,3277.0
2017-05-23,3277.5
2017-05-24,3282.0
2017-05-25,3279.5
2017-05-26,3262.5
2017-05-29,3259.0
2017-05-30,3260.0
2017-05-31,3244.0
2017-06-01,3273.5
2017-06-02,3267.5
2017-06-05,3318.0
2017-06-06,3297.0
2017-06-07,3287.0
2017-06-08,3278.0
2017-06-09,3310.5
2017-06-12,3331.5
2017-06-13,3329.5
2017-06-14,3287.0
2017-06-16,3305.0
2017-06-19,3292.5
2017-06-20,3335.0
2017-06-21,3343.5
2017-06-22,3347.0
2017-06-23,3348.0
2017-06-26,3301.0
2017-06-27,3317.0
2017-06-28,3283.0
2017-06-29,3306.5
2017-06-30,3308.5
2017-07-03,3321.0
2017-07-04,3328.5
2017-07-05,3307.0
2017-07-06,3316.5
2017-07-07,3299.0
2017-07-10,3271.5
2017-07-11,3269.0
2017-07-12,3221.0
2017-07-13,3223.0
2017-07-14,3189.5
2017-07-17,3192.0
2017-07-18,3163.5
2017-07-19,3156.0
2017-07-20,3127.5
2017-07-21,3148.0
2017-07-24,3150.0
2017-07-25,3175.5
2017-07-26,3140.5
2017-07-27,3155.0
2017-07-28,3133.5
2017-07-31,3130.5
2017-08-01,3145.0
2017-08-02,3131.5
2017-08-03,3130.0
2017-08-04,3147.0
2017-08-07,3141.0
2017-08-08,3141.5
2017-08-09,3169.0
2017-08-10,3188.5
2017-08-11,3205.5
2017-08-14,3201.5
2017-08-15,3180.5
2017-08-16,3163.0
2017-08-17,3184.5
2017-08-18,3155.5
2017-08-21,3171.5
2017-08-22,3168.5
2017-08-23,3146.0
2017-08-24,3152.0
2017-08-25,3164.0
2017-08-28,3170.0
2017-08-29,3166.5
2017-08-30,3162.0
2017-08-31,3147.0
2017-09-01,3153.5
2017-09-04,3152.5
2017-09-05,3127.5
2017-09-06,3108.5
2017-09-08,3096.0
2017-09-11,3110.0
2017-09-12,3131.5
2017-09-13,3141.5
2017-09-14,3126.0
2017-09-15,3118.5
2017-09-18,3143.0
2017-09-19,3140.5
2017-09-20,3137.0
2017-09-21,3142.0
2017-09-22,3128.0
2017-09-25,3161.0
2017-09-26,3168.5
2017-09-27,3193.5
2017-09-28,3183.0
2017-09-29,3168.0
2017-10-02,3168.0
2017-10-03,3155.5
2017-10-04,3147.0
2017-10-05,3164.5
2017-10-06,3165.5
2017-10-09,3198.5
2017-10-10,3189.0
2017-10-11,3180.5
2017-10-13,3153.0
2017-10-16,3179.0
2017-10-17,3164.5
2017-10-18,3177.5
2017-10-19,3172.0
2017-10-20,3197.0
2017-10-23,3242.0
2017-10-24,3247.5
2017-10-25,3235.5
2017-10-26,3292.0
2017-10-27,3238.0
2017-10-30,3289.5
2017-10-31,3277.0
2017-11-01,3280.0
2017-11-03,3327.0
2017-11-06,3260.0
2017-11-07,3281.0
2017-11-08,3263.0
2017-11-09,3260.0
2017-11-10,3285.0
2017-11-13,3286.0
2017-11-14,3319.0
2017-11-16,3280.0
2017-11-17,3262.0
2017-11-21,3261.5
2017-11-22,3227.0
2017-11-23,3224.5
2017-11-24,3235.0
2017-11-27,3229.0
2017-11-28,3214.0
2017-11-29,3245.0
2017-11-30,3261.5
2017-12-01,3267.5
2017-12-04,3252.5
2017-12-05,3249.5
2017-12-06,3243.5
2017-12-07,3298.5
2017-12-08,3299.0
2017-12-11,3311.5
2017-12-12,3312.5
2017-12-13,3315.0
2017-12-14,3346.5
2017-12-15,3298.5
2017-12-18,3295.5
2017-12-19,3293.0
2017-12-20,3300.0
2017-12-21,3310.5
2017-12-22,3337.0
2017-12-26,3310.5
2017-12-27,3315.0
2017-12-28,3307.5
2018-01-02,3271.0
2018-01-03,3248.0
2018-01-04,3246.0
2018-01-05,3239.5
2018-01-08,3251.0
2018-01-09,3258.0
2018-01-10,3237.5
2018-01-11,3223.5
2018-01-12,3213.5
2018-01-15,3223.5
2018-01-16,3231.0
2018-01-17,3230.0
2018-01-18,3212.5
2018-01-19,3202.0
2018-01-22,3207.0
2018-01-23,3241.0
2018-01-24,3150.0
2018-01-26,3154.5
2018-01-29,3156.5
2018-01-30,3182.0
2018-01-31,3162.5
2018-02-01,3176.5
2018-02-02,3227.5
2018-02-05,3271.5
2018-02-06,3243.5
2018-02-07,3279.5
2018-02-08,3293.5
2018-02-09,3301.0
2018-02-14,3227.5
2018-02-15,3238.0
2018-02-16,3235.0
2018-02-19,3242.0
2018-02-20,3259.0
2018-02-21,3275.0
2018-02-22,3251.0
2018-02-23,3241.0
2018-02-26,3225.0
2018-02-27,3254.0
2018-02-28,3244.5
2018-03-01,3261.5
2018-03-02,3261.5
2018-03-05,3251.5
2018-03-06,3217.5
2018-03-07,3252.0
2018-03-08,3275.0
2018-03-09,3264.0
2018-03-12,3267.0
2018-03-13,3264.0
2018-03-14,3263.5
2018-03-15,3289.0
2018-03-16,3284.0
2018-03-19,3288.0
2018-03-20,3314.0
2018-03-21,3275.5
2018-03-22,3317.0
2018-03-23,3313.0
2018-03-26,3311.5
2018-03-27,3324.5
2018-03-28,3328.0
2018-03-29,3323.5
2018-04-02,3318.0
2018-04-03,3348.0
2018-04-04,3335.5
2018-04-05,3351.0
2018-04-06,3374.0
2018-04-09,3428.5
2018-04-10,3415.0
2018-04-11,3380.0
2018-04-12,3417.5
2018-04-13,3427.5
2018-04-16,3423.5
2018-04-17,3412.5
2018-04-18,3383.5
2018-04-19,3387.5
2018-04-20,3416.0
2018-04-23,3445.5
2018-04-24,3475.0
2018-04-25,3485.5
2018-04-26,3477.0
2018-04-27,3457.0
2018-04-30,3481.5
2018-05-02,3561.5
2018-05-03,3538.5
2018-05-04,3539.5
2018-05-07,3559.5
2018-05-08,3571.5
2018-05-09,3602.0
2018-05-10,3558.0
2018-05-11,3607.5
2018-05-14,3629.0
2018-05-15,3658.0
2018-05-16,3680.5
2018-05-17,3700.5
2018-05-18,3741.0
2018-05-21,3680.5
2018-05-22,3650.0
2018-05-23,3629.5
2018-05-24,3646.5
2018-05-25,3651.5
2018-05-28,3736.5
2018-05-29,3726.5
2018-05-30,3737.0
2018-06-01,3777.187
2018-06-04,3756.5
2018-06-05,3806.0
2018-06-06,3856.5
2018-06-07,3912.0
2018-06-08,3718.0
2018-06-11,3718.5
2018-06-12,3724.0
2018-06-13,3726.0
2018-06-14,3810.5
2018-06-15,3735.5
2018-06-18,3752.5
2018-06-19,3751.5
2018-06-20,3774.0
2018-06-21,3772.5
2018-06-22,3786.0
2018-06-25,3777.0
2018-06-26,3799.0
2018-06-27,3861.0
2018-06-28,3866.0
2018-06-29,3855.5
2018-07-02,3925.0
2018-07-03,3908.5
2018-07-04,3923.5
2018-07-05,3943.0
2018-07-06,3873.5
2018-07-09,
2018-07-10,3826.0
2018-07-11,3886.0
2018-07-12,3891.0
2018-07-13,3858.0
2018-07-16,3866.5
2018-07-17,3844.5
2018-07-18,3857.0
2018-07-19,3835.5
2018-07-20,3773.5
2018-07-23,3786.0
2018-07-24,3751.0
2018-07-25,3690.5
2018-07-26,3747.5
2018-07-27,3710.0
2018-07-30,3726.0
2018-07-31,3755.5
2018-08-01,3762.0
2018-08-02,3763.0
2018-08-03,3719.0
2018-08-06,3748.5
2018-08-07,3762.5
2018-08-08,3781.5
2018-08-09,3811.0
2018-08-10,3868.0
2018-08-13,3892.5
2018-08-14,3874.5
2018-08-15,3910.0
2018-08-16,3913.5
2018-08-17,3919.0
2018-08-20,3973.5
2018-08-21,4055.0
2018-08-22,4045.0
2018-08-23,4118.0
2018-08-24,4107.5
2018-08-27,4083.5
2018-08-28,4142.5
2018-08-29,4110.0
2018-08-30,4150.0
2018-08-31,4135.0
2018-09-03,4167.5
2018-09-04,4171.0
2018-09-05,4154.5
2018-09-06,4069.0
2018-09-10,4094.5
2018-09-11,4159.0
2018-09-12,4169.0
2018-09-13,4214.0
2018-09-14,4179.5
2018-09-17,4176.5
2018-09-18,4167.0
2018-09-19,4130.0
2018-09-20,4079.0
2018-09-21,4054.0
2018-09-24,4093.5
2018-09-25,4077.0
2018-09-26,4035.0
2018-09-27,3998.0
2018-09-28,4003.5
2018-10-01,4027.0
2018-10-02,3950.5
2018-10-03,3903.0
2018-10-04,3882.0
2018-10-05,3844.5
2018-10-08,3782.0
2018-10-09,3722.0
2018-10-10,3762.0
2018-10-11,3789.5
2018-10-15,3740.5
2018-10-16,3730.0
2018-10-17,3691.0
2018-10-18,3725.0
2018-10-19,3717.5
2018-10-22,3690.0
2018-10-23,3695.0
2018-10-24,3734.0
2018-10-25,3708.0
2018-10-26,3644.0
2018-10-29,3709.0
2018-10-30,3696.5
2018-10-31,3717.5
2018-11-01,3705.0
2018-11-05,3733.5
2018-11-06,3768.0
2018-11-07,3738.0
2018-11-08,3765.5
2018-11-09,3738.0
2018-11-12,3772.0
2018-11-13,3807.5
2018-11-14,3788.0
2018-11-16,3746.5
2018-11-19,3759.0
2018-11-21,3798.5
2018-11-22,3801.5
2018-11-23,3828.0
2018-11-26,3938.5
2018-11-27,3875.0
2018-11-28,3849.0
2018-11-29,3850.5
2018-11-30,3863.5
2018-12-03,3844.0
2018-12-04,3855.0
2018-12-05,3872.5
2018-12-06,3882.5
2018-12-07,3910.0
2018-12-10,3920.5
2018-12-11,3907.0
2018-12-12,3857.0
2018-12-13,3893.0
2018-12-14,3918.5
2018-12-17,3900.0
2018-12-18,3913.0
2018-12-19,3897.0
2018-12-20,3842.0
2018-12-21,3902.0
2018-12-26,3917.0
2018-12-27,3874.0
2018-12-28,3875.0
2019-01-02,3790.5
2019-01-03,3763.0
2019-01-04,3721.5
2019-01-07,3741.5
2019-01-08,3718.0
2019-01-09,3685.5
2019-01-10,3715.5
2019-01-11,3715.0
2019-01-14,3701.5
2019-01-15,3719.5
2019-01-16,3738.5
2019-01-17,3752.0
2019-01-18,3754.5
2019-01-21,3755.5
2019-01-22,3819.5
2019-01-23,3758.0
2019-01-24,3773.0
2019-01-28,3761.5
2019-01-29,3720.0
2019-01-30,3684.5
2019-01-31,3652.0
2019-02-01,3665.0
2019-02-04,3674.0
2019-02-05,3673.5
2019-02-06,3703.0
2019-02-07,3722.5
2019-02-08,3735.0
2019-02-11,3763.0
2019-02-12,3714.0
2019-02-13,3758.5
2019-02-14,3727.0
2019-02-15,3711.5
2019-02-18,3736.0
2019-02-19,3726.0
2019-02-20,3727.0
2019-02-21,3770.0
2019-02-22,3749.0
2019-02-25,3752.0
2019-02-26,3744.0
2019-02-27,3729.0
2019-02-28,3738.0
2019-03-01,3780.5
2019-03-06,3846.0
2019-03-07,3877.0
2019-03-08,3872.5
2019-03-11,3843.5
2019-03-12,3816.5
2019-03-13,3818.5
2019-03-14,3846.0
2019-03-15,3815.5
2019-03-18,3795.0
2019-03-19,3790.5
2019-03-20,3776.5
2019-03-21,3793.5
2019-03-22,3908.0
2019-03-25,3852.0
2019-03-26,3877.5
2019-03-27,3993.5
2019-03-28,3901.5
2019-03-29,3896.5
2019-04-01,3859.5
2019-04-02,3860.5
2019-04-03,3876.0
2019-04-04,3859.0
2019-04-05,3879.0
2019-04-08,3855.5
2019-04-09,3855.5
2019-04-10,3830.5
2019-04-11,3862.0
2019-04-12,3885.0
2019-04-15,3875.5
2019-04-16,3907.0
2019-04-17,3938.5
2019-04-18,3920.5
2019-04-22,3938.0
2019-04-23,3922.0
2019-04-24,3993.5
2019-04-25,3952.0
2019-04-26,3930.0
2019-04-29,3947.5
2019-04-30,3945.5
2019-05-02,3978.0
2019-05-03,3948.0
2019-05-06,3975.0
2019-05-07,3980.0
2019-05-08,3936.5
2019-05-09,3955.0
2019-05-10,3958.0
2019-05-13,4004.0
2019-05-14,3983.5
2019-05-15,4008.5
2019-05-16,4054.5
2019-05-17,4106.5
2019-05-20,4109.5
2019-05-21,4043.5
2019-05-22,4044.0
2019-05-23,4044.5
2019-05-24,4026.0
2019-05-27,4045.0
2019-05-28,4026.5
2019-05-29,3975.0
2019-05-30,3982.0
2019-05-31,3940.5
2019-06-03,3894.0
2019-06-04,3865.0
2019-06-05,3887.5
2019-06-06,3886.5
2019-06-07,3883.5
2019-06-10,3891.5
2019-06-11,3861.5
2019-06-12,3871.5
2019-06-13,3853.5
2019-06-14,3899.5
2019-06-17,3891.0
2019-06-18,3863.5
2019-06-19,3841.5
2019-06-21,3825.0
2019-06-24,3825.0
2019-06-25,3846.5
2019-06-26,3843.0
2019-06-27,3819.5
2019-06-28,3832.5
2019-07-01,3852.0
2019-07-02,3857.0
2019-07-03,3834.5
2019-07-04,3809.5
2019-07-05,3829.0
2019-07-08,3809.5
2019-07-10,3759.5
2019-07-11,3762.0
2019-07-12,3741.5
2019-07-15,3761.0
2019-07-16,3773.0
2019-07-17,3767.0
2019-07-18,3722.0
2019-07-19,3750.0
2019-07-22,3744.0
2019-07-23,3775.0
2019-07-24,3773.5
2019-07-25,3779.5
2019-07-26,3776.0
2019-07-29,3782.0
2019-07-30,3790.5
2019-07-31,3764.5
2019-08-01,3847.5
2019-08-02,3894.0
2019-08-05,3983.0
2019-08-06,3968.0
2019-08-07,3976.0
2019-08-08,3927.0
2019-08-09,3948.0
2019-08-12,3992.0
2019-08-13,3967.5
2019-08-14,4058.0
2019-08-15,3997.5
2019-08-16,4011.0
2019-08-19,4079.0
2019-08-20,4056.5
2019-08-21,4028.5
2019-08-22,4072.0
2019-08-23,4123.0
2019-08-26,4155.5
2019-08-27,4127.5
2019-08-28,4169.5
2019-08-29,4169.5
2019-08-30,4138.5
2019-09-02,4193.0
2019-09-03,4174.0
2019-09-04,4101.0
2019-09-05,4114.0
2019-09-06,4068.5
2019-09-09,4100.5
2019-09-10,4086.5
2019-09-11,4073.5
2019-09-12,4063.5
2019-09-13,4087.5
2019-09-16,4084.5
2019-09-17,4079.5
2019-09-18,4114.0
2019-09-19,4170.5
2019-09-20,4151.0
2019-09-23,4165.0
2019-09-24,4164.0
2019-09-25,4150.5
2019-09-26,4170.5
2019-09-27,4155.0
2019-09-30,4164.5
2019-10-01,4166.5
2019-10-02,4137.0
2019-10-03,4093.0
2019-10-04,4064.0
2019-10-07,4113.5
2019-10-08,4101.0
2019-10-09,4115.5
2019-10-10,4116.0
2019-10-11,4112.0
2019-10-14,4130.5
2019-10-15,4185.0
2019-10-16,4155.0
2019-10-17,4167.5
2019-10-18,4117.0
2019-10-21,4132.5
2019-10-22,4086.5
2019-10-23,4036.0
2019-10-24,4041.0
2019-10-25,4006.0
2019-10-28,3991.5
2019-10-29,3999.0
2019-10-30,3988.0
2019-10-31,4004.5
2019-11-01,3996.5
2019-11-04,4018.5
2019-11-05,4000.5
2019-11-06,4084.0
2019-11-07,4103.5
2019-11-08,4168.5
2019-11-11,4158.0
2019-11-12,4174.0
2019-11-13,4174.5
2019-11-14,4200.0
2019-11-18,4218.5
2019-11-19,4197.0
2019-11-21,4197.0
2019-11-22,4199.0
2019-11-25,4228.5
2019-11-26,4235.0
2019-11-27,4264.5
2019-11-28,4190.0
2019-11-29,4223.5
2019-12-02,4229.5
2019-12-03,4210.5
2019-12-04,4212.0
2019-12-05,4190.0
2019-12-06,4145.5
2019-12-09,4146.5
2019-12-10,4150.0
2019-12-11,4126.5
2019-12-12,4092.5
2019-12-13,4110.0
2019-12-16,4064.0
2019-12-17,4068.5
2019-12-18,4063.5
2019-12-19,4071.0
2019-12-20,4103.5
2019-12-23,4083.5
2019-12-26,4056.5
2019-12-27,4044.0
2019-12-30,4031.0
